,season,round,circuit_id,weather,weather_warm,weather_cold,weather_dry,weather_wet,weather_cloudy
0,1950,1,silverstone,"Sunny, mild, dry.",0,0,0,0,0
1,1950,2,monaco,not found,0,0,0,0,0
2,1950,3,indianapolis,Rainy,0,0,0,1,0
3,1950,4,bremgarten,"Warm, dry and sunny",1,0,1,0,0
4,1950,5,spa,"Warm, dry and sunny",1,0,1,0,0
5,1950,6,reims,Hot and sunny,1,0,0,0,0
6,1950,7,monza,"Warm, hot and sunny",1,0,0,0,0
7,1951,1,bremgarten,"Overcast, rain",0,0,0,1,0
8,1951,2,indianapolis,Warm and sunny,1,0,0,0,0
9,1951,3,spa,"Sunny, Mild, Dry",0,0,1,0,0
10,1951,4,reims,"Sunny, Hot, Dry",0,0,1,0,0
11,1951,5,silverstone,"Mild, Dry",0,0,1,0,0
12,1951,6,nurburgring,"Sunny, Mild, Dry",0,0,1,0,0
13,1951,7,monza,Warm and sunny,1,0,0,0,0
14,1951,8,pedralbes,"Hot, Dry",0,0,1,0,0
15,1952,1,bremgarten,Sunny,1,0,0,0,0
16,1952,2,indianapolis,Warm and sunny,1,0,0,0,0
17,1952,3,spa,Rain,0,0,0,1,0
18,1952,4,essarts,Rain,0,0,0,1,0
19,1952,5,silverstone,"Overcast, dry.",0,0,0,0,0
20,1952,6,nurburgring,Sunny,1,0,0,0,0
21,1952,7,zandvoort,Rainy,0,0,0,1,0
22,1952,8,monza,Sunny,1,0,0,0,0
23,1953,1,galvez,"Hot, dry",0,0,1,0,0
24,1953,2,indianapolis,Extremely hot,1,0,0,0,0
25,1953,3,zandvoort,"Sunny, mild, dry",0,0,1,0,0
26,1953,4,spa,"Hot, dry",0,0,1,0,0
27,1953,5,reims,"Hot, dry",0,0,1,0,0
28,1953,6,silverstone,"Overcast, showers",0,0,0,1,0
29,1953,7,nurburgring,"Sunny, mild, dry",0,0,1,0,0
30,1953,8,bremgarten,"Sunny, mild, dry",0,0,1,0,0
31,1953,9,monza,"Sunny, mild, dry",0,0,1,0,0
32,1954,1,galvez,"Overcast, wet",0,0,0,1,0
33,1954,2,indianapolis,Very hot and sunny,1,0,0,0,0
34,1954,3,spa,"Sunny, mild, dry",0,0,1,0,0
35,1954,4,reims,"Overcast, wet",0,0,0,1,0
36,1954,5,silverstone,"Cold, wet (heavy rain).[1]",0,0,0,1,0
37,1954,6,nurburgring,"Sunny, dry",0,0,1,0,0
38,1954,7,bremgarten,Rain,0,0,0,1,0
39,1954,8,monza,"Sunny, mild, dry",0,0,1,0,0
40,1954,9,pedralbes,"Sunny, mild, dry",0,0,1,0,0
41,1955,1,galvez,Very hot and dry,1,0,1,0,0
42,1955,2,monaco,not found,0,0,0,0,0
43,1955,3,indianapolis,Cool and windy,0,1,0,0,0
44,1955,4,spa,not found,0,0,0,0,0
45,1955,5,zandvoort,Drizzly,0,0,0,0,0
46,1955,6,aintree,"Hot, dry.[1]",0,0,0,0,0
47,1955,7,monza,not found,0,0,0,0,0
48,1956,1,galvez,Overcast but dry,0,0,1,0,1
49,1956,2,monaco,"Warm, dry, sunny",1,0,0,0,0
50,1956,3,indianapolis,"Overcast, dry track",0,0,1,0,0
51,1956,4,spa,"Wet and overcast, later drying",0,0,0,1,0
52,1956,5,reims,not found,0,0,0,0,0
53,1956,6,silverstone,"Overcast, dry",0,0,1,0,0
54,1956,7,nurburgring,not found,0,0,0,0,0
55,1956,8,monza,"Cloudy, warm, alternating light rain",0,0,0,1,0
56,1957,1,galvez,not found,0,0,0,0,0
57,1957,2,monaco,not found,0,0,0,0,0
58,1957,3,indianapolis,"Slightly overcast, dry track",0,0,1,0,0
59,1957,4,essarts,not found,0,0,0,0,0
60,1957,5,aintree,"Overcast, dry.",0,0,0,0,0
61,1957,6,nurburgring,not found,0,0,0,0,0
62,1957,7,pescara,"Sunny, very hot, dry",0,0,1,0,0
63,1957,8,monza,not found,0,0,0,0,0
64,1958,1,galvez,not found,0,0,0,0,0
65,1958,2,monaco,not found,0,0,0,0,0
66,1958,3,zandvoort,not found,0,0,0,0,0
67,1958,4,indianapolis,not found,0,0,0,0,0
68,1958,5,spa,"Hot, dry",0,0,1,0,0
69,1958,6,reims,not found,0,0,0,0,0
70,1958,7,silverstone,not found,0,0,0,0,0
71,1958,8,nurburgring,not found,0,0,0,0,0
72,1958,9,boavista,not found,0,0,0,0,0
73,1958,10,monza,not found,0,0,0,0,0
74,1958,11,ain-diab,"Warm, dry, sunny",1,0,0,0,0
75,1959,1,monaco,"Hot, clear",1,0,0,0,0
76,1959,2,indianapolis,not found,0,0,0,0,0
77,1959,3,zandvoort,Sunny,1,0,0,0,0
78,1959,4,reims,"Hot, dry",0,0,1,0,0
79,1959,5,aintree,Dry and sunny.,0,0,1,0,0
80,1959,6,avus,Dry and dull.,0,0,1,0,0
81,1959,7,monsanto,Hot and clear.,1,0,0,0,0
82,1959,8,monza,Dry and sunny,1,0,1,0,0
83,1959,9,sebring,Sunny with temperatures reaching up to 25 °C (77 °F); Winds speeds up to 25.93 km/h (16.11 mph)[1],1,0,0,0,0
84,1960,1,galvez,Dry,0,0,1,0,0
85,1960,2,monaco,not found,0,0,0,0,0
86,1960,3,indianapolis,not found,0,0,0,0,0
87,1960,4,zandvoort,not found,0,0,0,0,0
88,1960,5,spa,not found,0,0,0,0,0
89,1960,6,reims,Dry,0,0,1,0,0
90,1960,7,silverstone,"Dry, overcast.",0,0,0,0,0
91,1960,8,boavista,not found,0,0,0,0,0
92,1960,9,monza,"Warm, dry",0,0,1,0,0
93,1960,10,riverside,Temperatures up to 24.4 °C (75.9 °F); Wind speeds up to 18.33 km/h (11.39 mph)[1],0,0,0,0,0
94,1961,1,monaco,Sunny,1,0,0,0,0
95,1961,2,zandvoort,Sunny,1,0,0,0,0
96,1961,3,spa,Sunny,1,0,0,0,0
97,1961,4,reims,Sunny,1,0,0,0,0
98,1961,5,aintree,"Torrential rain, drying later",0,0,0,0,0
99,1961,6,nurburgring,Wet,0,0,0,1,0
100,1961,7,monza,Sunny,1,0,0,0,0
101,1961,8,watkins_glen,Temperatures up to 22 °C (72 °F); Wind speeds up to 16.48 km/h (10.24 mph)[1],0,0,0,0,0
102,1962,1,zandvoort,Sunny,1,0,0,0,0
103,1962,2,monaco,Cloudy,0,0,0,0,1
104,1962,3,spa,Sunny,1,0,0,0,0
105,1962,4,essarts,Sunny,1,0,0,0,0
106,1962,5,aintree,Sunny,1,0,0,0,0
107,1962,6,nurburgring,Heavy rain showers,0,0,0,1,0
108,1962,7,monza,"Dry, with rain later",0,0,0,1,0
109,1962,8,watkins_glen,Sunny,1,0,0,0,0
110,1962,9,george,"Dry, windy",0,0,0,0,0
111,1963,1,monaco,"Warm, dry and sunny",1,0,1,0,0
112,1963,2,spa,Wet and overcast,0,0,0,1,1
113,1963,3,zandvoort,Sunny,1,0,0,0,0
114,1963,4,reims,"Sunny, then rain",0,0,0,1,0
115,1963,5,silverstone,"Warm, dry and sunny",1,0,1,0,0
116,1963,6,nurburgring,"Warm, dry and sunny",1,0,1,0,0
117,1963,7,monza,"Warm, dry and sunny",1,0,1,0,0
118,1963,8,watkins_glen,Sunny,1,0,0,0,0
119,1963,9,rodriguez,"Overcast, dry",0,0,1,0,0
120,1963,10,george,"Hot, dry and windy",0,0,1,0,0
121,1964,1,monaco,not found,0,0,0,0,0
122,1964,2,zandvoort,Dry,0,0,1,0,0
123,1964,3,spa,Dry,0,0,1,0,0
124,1964,4,essarts,Dry,0,0,1,0,0
125,1964,5,brands_hatch,"Warm, dry",0,0,1,0,0
126,1964,6,nurburgring,Dry,0,0,1,0,0
127,1964,7,zeltweg,Dry,0,0,1,0,0
128,1964,8,monza,Dry,0,0,1,0,0
129,1964,9,watkins_glen,"Sunny, warm",1,0,0,0,0
130,1964,10,rodriguez,not found,0,0,0,0,0
131,1965,1,george,not found,0,0,0,0,0
132,1965,2,monaco,not found,0,0,0,0,0
133,1965,3,spa,Heavy rain,0,0,0,1,0
134,1965,4,charade,Sunny,1,0,0,0,0
135,1965,5,silverstone,"Warm, dry and overcast",0,0,1,0,1
136,1965,6,zandvoort,not found,0,0,0,0,0
137,1965,7,nurburgring,Overcast and dry,0,0,1,0,1
138,1965,8,monza,not found,0,0,0,0,0
139,1965,9,watkins_glen,"Rainy, windy, cold",0,1,0,0,0
140,1965,10,rodriguez,not found,0,0,0,0,0
141,1966,1,monaco,"Overcast, Mild, Dry",0,0,1,0,0
142,1966,2,spa,Overcast and wet,0,0,0,1,1
143,1966,3,reims,"Hot, dry",0,0,1,0,0
144,1966,4,brands_hatch,"Wet, drying later",0,0,0,0,0
145,1966,5,zandvoort,"Sunny, Mild, Dry",0,0,1,0,0
146,1966,6,nurburgring,Overcast and wet,0,0,0,1,1
147,1966,7,monza,"Warm, dry and sunny",1,0,1,0,0
148,1966,8,watkins_glen,"Cool, dry",0,0,1,0,0
149,1966,9,rodriguez,"Warm, clear",1,0,0,0,0
150,1967,1,kyalami,not found,0,0,0,0,0
151,1967,2,monaco,not found,0,0,0,0,0
152,1967,3,zandvoort,not found,0,0,0,0,0
153,1967,4,spa,not found,0,0,0,0,0
154,1967,5,lemans,not found,0,0,0,0,0
155,1967,6,silverstone,not found,0,0,0,0,0
156,1967,7,nurburgring,"Warm, dry and sunny",1,0,1,0,0
157,1967,8,mosport,Rainy with temperatures up to 24.4 °C (75.9 °F); wind speeds up to 8 kilometres per hour (5.0 mph)[1],0,0,0,1,0
158,1967,9,monza,"Warm, dry",0,0,1,0,0
159,1967,10,watkins_glen,Sunny,1,0,0,0,0
160,1967,11,rodriguez,not found,0,0,0,0,0
161,1968,1,kyalami,"Very hot, dry",0,0,1,0,0
162,1968,2,jarama,"Hot, Dry",0,0,1,0,0
163,1968,3,monaco,"Sunny, Mild, Dry",0,0,1,0,0
164,1968,4,spa,"Overcast, Dry",0,0,1,0,0
165,1968,5,zandvoort,Showers,0,0,0,1,0
166,1968,6,essarts,Wet,0,0,0,1,0
167,1968,7,brands_hatch,"Hot, Dry",0,0,1,0,0
168,1968,8,nurburgring,"Hazy, Wet",0,0,0,1,0
169,1968,9,monza,"Hot, Dry",0,0,1,0,0
170,1968,10,tremblant,Sunny with temperatures reaching up to 27.8 °C (82.0 °F) and wind speeds up to 10.1 kilometres per hour (6.3 mph); no precipitation reported throughout the day[1],1,0,0,0,0
171,1968,11,watkins_glen,Temperatures reaching a maximum of 20 °C (68 °F); wind speeds up to 14.82 km/h (9.21 mph)[1],0,0,0,0,0
172,1968,12,rodriguez,"Sunny, Mild, Dry",0,0,1,0,0
173,1969,1,kyalami,"Hot, Dry",0,0,1,0,0
174,1969,2,montjuic,"Sunny, mild, dry",0,0,1,0,0
175,1969,3,monaco,"Overcast, mild, dry",0,0,1,0,0
176,1969,4,zandvoort,"Sunny, mild, dry",0,0,1,0,0
177,1969,5,charade,"Sunny, mild, dry",0,0,1,0,0
178,1969,6,silverstone,"Overcast, dry",0,0,1,0,0
179,1969,7,nurburgring,not found,0,0,0,0,0
180,1969,8,monza,"Sunny, Dry",0,0,1,0,0
181,1969,9,mosport,Mild with temperatures approaching 21.1 °C (70.0 °F); wind speeds up to 10.1 kilometres per hour (6.3 mph)[1],1,0,0,0,0
182,1969,10,watkins_glen,Dry with temperatures reaching up to 18 °C (64 °F); Wind speeds up to 18.70 km/h (11.62 mph)[1],0,0,1,0,0
183,1969,11,rodriguez,Warm and dry,1,0,1,0,0
184,1970,1,kyalami,"Very hot, Dry",0,0,1,0,0
185,1970,2,jarama,"Very hot, Dry",0,0,1,0,0
186,1970,3,monaco,Sunny and warm,1,0,0,0,0
187,1970,4,spa,not found,0,0,0,0,0
188,1970,5,zandvoort,Cloudy,0,0,0,0,1
189,1970,6,charade,Overcast,0,0,0,0,1
190,1970,7,brands_hatch,not found,0,0,0,0,0
191,1970,8,hockenheimring,not found,0,0,0,0,0
192,1970,9,red_bull_ring,not found,0,0,0,0,0
193,1970,10,monza,"Sunny, Dry",0,0,1,0,0
194,1970,11,tremblant,Mild with temperatures approaching 23.3 °C (73.9 °F); winds gusting up to 10.1 kilometres per hour (6.3 mph)[1],1,0,0,0,0
195,1970,12,watkins_glen,Cloudy and dry with temperatures reaching up to 10 °C (50 °F); Wind speeds up to 29.5 km/h (18.3 mph)[1],0,0,1,0,1
196,1970,13,rodriguez,not found,0,0,0,0,0
197,1971,1,kyalami,"Sunny, Hot, Dry",0,0,1,0,0
198,1971,2,montjuic,"Sunny, Hot, Dry",0,0,1,0,0
199,1971,3,monaco,Overcast,0,0,0,0,1
200,1971,4,zandvoort,Wet,0,0,0,1,0
201,1971,5,ricard,not found,0,0,0,0,0
202,1971,6,silverstone,"Overcast, dry",0,0,1,0,0
203,1971,7,nurburgring,not found,0,0,0,0,0
204,1971,8,red_bull_ring,Dry,0,0,1,0,0
205,1971,9,monza,not found,0,0,0,0,0
206,1971,10,mosport,Rainy and foggy with temperatures approaching 17.8 °C (64.0 °F); wind speeds up to 8 kilometres per hour (5.0 mph)[1],0,0,0,1,0
207,1971,11,watkins_glen,Dry,0,0,1,0,0
208,1972,1,galvez,not found,0,0,0,0,0
209,1972,2,kyalami,"Sunny, Hot, Dry",0,0,1,0,0
210,1972,3,jarama,not found,0,0,0,0,0
211,1972,4,monaco,Wet,0,0,0,1,0
212,1972,5,nivelles,not found,0,0,0,0,0
213,1972,6,charade,not found,0,0,0,0,0
214,1972,7,brands_hatch,"Warm, dry",0,0,1,0,0
215,1972,8,nurburgring,not found,0,0,0,0,0
216,1972,9,red_bull_ring,"Sunny, hot",1,0,0,0,0
217,1972,10,monza,Dry and sunny,1,0,1,0,0
218,1972,11,mosport,Mild with temperatures approaching 22.8 °C (73.0 °F); wind speeds up to 12 kilometres per hour (7.5 mph)[1],1,0,0,0,0
219,1972,12,watkins_glen,"Sunny at start, brief showers late",1,0,0,1,0
220,1973,1,galvez,not found,0,0,0,0,0
221,1973,2,interlagos,Partly cloudy and hot,1,0,0,0,1
222,1973,3,kyalami,"Sunny, Hot, Dry",0,0,1,0,0
223,1973,4,montjuic,"Sunny, Hot, Dry",0,0,1,0,0
224,1973,5,zolder,"Warm, dry",0,0,1,0,0
225,1973,6,monaco,not found,0,0,0,0,0
226,1973,7,anderstorp,not found,0,0,0,0,0
227,1973,8,ricard,Sunny and warm,1,0,0,0,0
228,1973,9,silverstone,Dry,0,0,1,0,0
229,1973,10,zandvoort,Dry,0,0,1,0,0
230,1973,11,nurburgring,Dry,0,0,1,0,0
231,1973,12,red_bull_ring,not found,0,0,0,0,0
232,1973,13,monza,not found,0,0,0,0,0
233,1973,14,mosport,Mild with temperatures approaching 22.2 °C (72.0 °F); wind speeds up to 11.8 kilometres per hour (7.3 mph)[1],1,0,0,0,0
234,1973,15,watkins_glen,Cloudy with temperatures approaching 20 °C (68 °F); Wind speeds up to 14.82 km/h (9.21 mph)[1],0,0,0,0,1
235,1974,1,galvez,Hot and sunny,1,0,0,0,0
236,1974,2,interlagos,"Cloudy and dry in the first phase, then seasonal monsoon later.",0,0,1,0,1
237,1974,3,kyalami,not found,0,0,0,0,0
238,1974,4,jarama,not found,0,0,0,0,0
239,1974,5,nivelles,not found,0,0,0,0,0
240,1974,6,monaco,not found,0,0,0,0,0
241,1974,7,anderstorp,not found,0,0,0,0,0
242,1974,8,zandvoort,not found,0,0,0,0,0
243,1974,9,dijon,not found,0,0,0,0,0
244,1974,10,brands_hatch,not found,0,0,0,0,0
245,1974,11,nurburgring,"Overcast, showers",0,0,0,1,0
246,1974,12,red_bull_ring,not found,0,0,0,0,0
247,1974,13,monza,not found,0,0,0,0,0
248,1974,14,mosport,Cold with temperatures approaching 13.3 °C (55.9 °F); wind speeds up to 15 kilometres per hour (9.3 mph)[1],0,1,0,0,0
249,1974,15,watkins_glen,"Clear, warm",1,0,0,0,0
250,1975,1,galvez,Hot and sunny,1,0,0,0,0
251,1975,2,interlagos,Hot and dry,1,0,1,0,0
252,1975,3,kyalami,Sunny,1,0,0,0,0
253,1975,4,montjuic,Sunny,1,0,0,0,0
254,1975,5,monaco,"Rain, later drying",0,0,0,0,0
255,1975,6,zolder,Dry and sunny,1,0,1,0,0
256,1975,7,anderstorp,Dry,0,0,1,0,0
257,1975,8,zandvoort,"Wet, drying later",0,0,0,0,0
258,1975,9,ricard,Dry and sunny,1,0,1,0,0
259,1975,10,silverstone,"Sunny, then overcast, then heavy rain",0,0,0,1,0
260,1975,11,nurburgring,Dry and sunny,1,0,1,0,0
261,1975,12,red_bull_ring,Heavy rain,0,0,0,1,0
262,1975,13,monza,Dry and sunny,1,0,1,0,0
263,1975,14,watkins_glen,Partly sunny with temperatures reaching a maximum of 20.6 °C (69.1 °F); Winds gusting up to 31.48 km/h (19.56 mph)[1],1,0,0,0,0
264,1976,1,interlagos,Sunny,1,0,0,0,0
265,1976,2,kyalami,Sunny,1,0,0,0,0
266,1976,3,long_beach,Hot and sunny with temperatures reaching up to 70 °F (21 °C); wind speeds approaching speeds up to 15 miles per hour (24 km/h)[2],1,0,0,0,0
267,1976,4,jarama,not found,0,0,0,0,0
268,1976,5,zolder,not found,0,0,0,0,0
269,1976,6,monaco,Dry,0,0,1,0,0
270,1976,7,anderstorp,Dry,0,0,1,0,0
271,1976,8,ricard,not found,0,0,0,0,0
272,1976,9,brands_hatch,Dry,0,0,1,0,0
273,1976,10,nurburgring,"Rain at start, later drying",0,0,0,1,0
274,1976,11,red_bull_ring,not found,0,0,0,0,0
275,1976,12,zandvoort,"Warm, dry",0,0,1,0,0
276,1976,13,monza,not found,0,0,0,0,0
277,1976,14,mosport,Mild with temperatures approaching 22 °C (72 °F); wind speeds up to 8.9 kilometres per hour (5.5 mph)[2],1,0,0,0,0
278,1976,15,watkins_glen,Sunny with temperatures reaching up to 16 °C (61 °F); Winds gusting up to 44.45 km/h (27.62 mph)[2],1,0,0,0,0
279,1976,16,fuji,"Very wet and misty, eventually drying",0,0,0,1,0
280,1977,1,galvez,Dry,0,0,1,0,0
281,1977,2,interlagos,Dry,0,0,1,0,0
282,1977,3,kyalami,Sunny,1,0,0,0,0
283,1977,4,long_beach,Sunny with temperatures reaching up to 68 °F (20 °C); winds gusting up to 10.9 miles per hour (17.5 km/h)[1],1,0,0,0,0
284,1977,5,jarama,not found,0,0,0,0,0
285,1977,6,monaco,Dry,0,0,1,0,0
286,1977,7,zolder,Wet,0,0,0,1,0
287,1977,8,anderstorp,Dry,0,0,1,0,0
288,1977,9,dijon,Dry,0,0,1,0,0
289,1977,10,silverstone,Sunny,1,0,0,0,0
290,1977,11,hockenheimring,Dry,0,0,1,0,0
291,1977,12,red_bull_ring,"Wet, then drying",0,0,0,0,0
292,1977,13,zandvoort,Dry,0,0,1,0,0
293,1977,14,monza,Dry,0,0,1,0,0
294,1977,15,watkins_glen,Rain with temperatures reaching up to 17 °C (63 °F); Winds gusting up to 23.69 km/h (14.72 mph)[1],0,0,0,1,0
295,1977,16,mosport,Cold with temperatures approaching 12 °C (54 °F); wind speeds up to 12.8 kilometres per hour (8.0 mph)[1],0,1,0,0,0
296,1977,17,fuji,Dry,0,0,1,0,0
297,1978,1,galvez,Dry,0,0,1,0,0
298,1978,2,jacarepagua,Dry,0,0,1,0,0
299,1978,3,kyalami,Dry,0,0,1,0,0
300,1978,4,long_beach,Scattered clouds 17 °C (63 °F)[1],0,0,0,0,1
301,1978,5,monaco,Dry,0,0,1,0,0
302,1978,6,zolder,Dry,0,0,1,0,0
303,1978,7,jarama,Dry,0,0,1,0,0
304,1978,8,anderstorp,Sunny and warm,1,0,0,0,0
305,1978,9,ricard,Dry,0,0,1,0,0
306,1978,10,brands_hatch,Dry,0,0,1,0,0
307,1978,11,hockenheimring,Dry,0,0,1,0,0
308,1978,12,red_bull_ring,Wet,0,0,0,1,0
309,1978,13,zandvoort,Dry,0,0,1,0,0
310,1978,14,monza,Sunny,1,0,0,0,0
311,1978,15,watkins_glen,"Cloudy, dry",0,0,1,0,0
312,1978,16,villeneuve,Mostly cloudy 5 °C (41 °F)[1],0,0,0,0,1
313,1979,1,galvez,Dry,0,0,1,0,0
314,1979,2,interlagos,Dry,0,0,1,0,0
315,1979,3,kyalami,Wet,0,0,0,1,0
316,1979,4,long_beach,Sunny and warm with temperatures reaching up to 66 °F (19 °C); winds gusting up to 8 miles per hour (13 km/h)[1],1,0,0,0,0
317,1979,5,jarama,Dry,0,0,1,0,0
318,1979,6,zolder,Dry,0,0,1,0,0
319,1979,7,monaco,Dry,0,0,1,0,0
320,1979,8,dijon,Dry,0,0,1,0,0
321,1979,9,silverstone,Dry,0,0,1,0,0
322,1979,10,hockenheimring,Dry,0,0,1,0,0
323,1979,11,red_bull_ring,Dry,0,0,1,0,0
324,1979,12,zandvoort,Dry,0,0,1,0,0
325,1979,13,monza,Dry and sunny,1,0,1,0,0
326,1979,14,villeneuve,"Partially cloudy, mild and dry with temperatures reaching up to 21 °C (70 °F); wind speeds up to 18.3 kilometres per hour (11.4 mph)[1]",1,0,1,0,0
327,1979,15,watkins_glen,Rain with temperatures reaching a maximum of 15 °C (59 °F); Wind speeds up to 27.78 km/h (17.26 mph)[1],0,0,0,1,0
328,1980,1,galvez,"Sunny, Very hot, Dry",0,0,1,0,0
329,1980,2,interlagos,Dry,0,0,1,0,0
330,1980,3,kyalami,Dry,0,0,1,0,0
331,1980,4,long_beach,Sunny and warm with temperatures reaching up to 81 °F (27 °C); wind speeds up to 10.9 miles per hour (17.5 km/h)[1],1,0,0,0,0
332,1980,5,zolder,Dry,0,0,1,0,0
333,1980,6,monaco,"Dry at the start, damp in the end",0,0,1,1,0
334,1980,7,ricard,Dry,0,0,1,0,0
335,1980,8,brands_hatch,not found,0,0,0,0,0
336,1980,9,hockenheimring,"Overcast, Dry",0,0,1,0,0
337,1980,10,red_bull_ring,"Mild, Dry",0,0,1,0,0
338,1980,11,zandvoort,"Sunny, Mild, Dry",0,0,1,0,0
339,1980,12,imola,"Sunny, Mild, Dry",0,0,1,0,0
340,1980,13,villeneuve,Cold and dry with temperatures reaching up to 11 °C (52 °F); wind speeds up to 15.9 kilometres per hour (9.9 mph)[1],0,1,1,0,0
341,1980,14,watkins_glen,Cloudy and dry with temperatures reaching up to 12 °C (54 °F); Wind speeds up to 14.82 km/h (9.21 mph)[1],0,0,1,0,1
342,1981,1,long_beach,Sunny and warm with temperatures reaching up to 71.1 °F (21.7 °C); wind speeds approaching 10.9 miles per hour (17.5 km/h)[1],1,0,0,0,0
343,1981,2,jacarepagua,"Overcast, Fresh, Rain",0,0,0,1,0
344,1981,3,galvez,"Sunny, dry",0,0,1,0,0
345,1981,4,imola,"Rain, cold",0,1,0,0,0
346,1981,5,zolder,"Dry, then wet at the end",0,0,0,1,0
347,1981,6,monaco,Dry,0,0,1,0,0
348,1981,7,jarama,"Sunny, hot",1,0,0,0,0
349,1981,8,dijon,"Dry, then wet at half distance, then dry again",0,0,1,1,0
350,1981,9,silverstone,Dry,0,0,1,0,0
351,1981,10,hockenheimring,Wet / Dry,0,0,1,1,0
352,1981,11,red_bull_ring,"Mild, Dry",0,0,1,0,0
353,1981,12,zandvoort,"Sunny, dry",0,0,1,0,0
354,1981,13,monza,Dry and sunny,1,0,1,0,0
355,1981,14,villeneuve,Wet and cold with temperatures up to 20 °C (68 °F); wind speeds up to 15 kilometres per hour (9.3 mph)[1],0,1,0,1,0
356,1981,15,las_vegas,Sunny with temperatures reaching up to 75 °F (24 °C); wind speeds approaching speeds up to 11.1 miles per hour (17.9 km/h)[1],1,0,0,0,0
357,1982,1,kyalami,Dry,0,0,1,0,0
358,1982,2,jacarepagua,Dry,0,0,1,0,0
359,1982,3,long_beach,Clear and warm with temperatures reaching up to 63.9 °F (17.7 °C); wind speeds approaching speeds up to 11.8 miles per hour (19.0 km/h)[1],1,0,0,0,0
360,1982,4,imola,not found,0,0,0,0,0
361,1982,5,zolder,Cold with air temperatures reaching up to 13 °C (55 °F)[1],0,1,0,0,0
362,1982,6,monaco,"Dry, then Wet",0,0,0,1,0
363,1982,7,detroit,Sunny and warm with temperatures reaching up to 72 °F (22 °C); wind speeds up to 16.1 miles per hour (25.9 km/h)[1],1,0,0,0,0
364,1982,8,villeneuve,Overcast and chilly 17 °C (63 °F)[1],0,1,0,0,1
365,1982,9,zandvoort,Cloudy,0,0,0,0,1
366,1982,10,brands_hatch,not found,0,0,0,0,0
367,1982,11,ricard,Dry,0,0,1,0,0
368,1982,12,hockenheimring,Dry,0,0,1,0,0
369,1982,13,red_bull_ring,"Sunny, hot",1,0,0,0,0
370,1982,14,dijon,Dry,0,0,1,0,0
371,1982,15,monza,Dry,0,0,1,0,0
372,1982,16,las_vegas,Sunny with temperatures reaching up to 98.8 °F (37.1 °C); wind speeds approaching speeds up to 18.1 miles per hour (29.1 km/h)[1],1,0,0,0,0
373,1983,1,jacarepagua,Dry,0,0,1,0,0
374,1983,2,long_beach,Sunny and warm with temperatures reaching up to 65.8 °F (18.8 °C); wind speeds approaching speeds up to 9.9 miles per hour (15.9 km/h)[1],1,0,0,0,0
375,1983,3,ricard,"Dry, grey and cool[1]",0,0,0,0,1
376,1983,4,imola,not found,0,0,0,0,0
377,1983,5,monaco,Wet track at the start,0,0,0,1,0
378,1983,6,spa,not found,0,0,0,0,0
379,1983,7,detroit,Sunny and warm with temperatures reaching up to 76.8 °F (24.9 °C); wind speeds up to 11.3 miles per hour (18.2 km/h)[1],1,0,0,0,0
380,1983,8,villeneuve,Warm with temperatures approaching 30 °C (86 °F); wind speeds up to 15 kilometres per hour (9.3 mph)[1],1,0,0,0,0
381,1983,9,silverstone,not found,0,0,0,0,0
382,1983,10,hockenheimring,Dry,0,0,1,0,0
383,1983,11,red_bull_ring,Dry,0,0,1,0,0
384,1983,12,zandvoort,Cloudy,0,0,0,0,1
385,1983,13,monza,Dry,0,0,1,0,0
386,1983,14,brands_hatch,Dry,0,0,1,0,0
387,1983,15,kyalami,Dry,0,0,1,0,0
388,1984,1,jacarepagua,Dry,0,0,1,0,0
389,1984,2,kyalami,Dry,0,0,1,0,0
390,1984,3,zolder,not found,0,0,0,0,0
391,1984,4,imola,not found,0,0,0,0,0
392,1984,5,dijon,Dry,0,0,1,0,0
393,1984,6,monaco,Heavy rain and spray,0,0,0,1,0
394,1984,7,villeneuve,Dry with temperatures approaching 26 °C (79 °F); wind speeds up to 12.9 kilometres per hour (8.0 mph)[1],0,0,1,0,0
395,1984,8,detroit,Sunny and warm with temperatures reaching up to 77.9 °F (25.5 °C); wind speeds up to 11.3 miles per hour (18.2 km/h)[1],1,0,0,0,0
396,1984,9,dallas,Sunny with temperatures reaching up to 100 °F (38 °C); wind speeds approaching speeds up to 14 miles per hour (23 km/h)[1],1,0,0,0,0
397,1984,10,brands_hatch,not found,0,0,0,0,0
398,1984,11,hockenheimring,Dry,0,0,1,0,0
399,1984,12,red_bull_ring,Dry,0,0,1,0,0
400,1984,13,zandvoort,Sunny,1,0,0,0,0
401,1984,14,monza,Dry,0,0,1,0,0
402,1984,15,nurburgring,Sunny,1,0,0,0,0
403,1984,16,estoril,Dry,0,0,1,0,0
404,1985,1,jacarepagua,"Dry, 34 °C (93 °F) air temperature",0,0,0,0,0
405,1985,2,estoril,"Overcast, Cold, Rain",0,0,0,1,0
406,1985,3,imola,not found,0,0,0,0,0
407,1985,4,monaco,Dry,0,0,1,0,0
408,1985,5,villeneuve,Sunny with temperatures approaching 20.5 °C (68.9 °F); wind speeds up to 12.9 kilometres per hour (8.0 mph)[1],1,0,0,0,0
409,1985,6,detroit,Clear and cool with temperatures reaching up to 80.1 °F (26.7 °C); wind speeds up to 23 miles per hour (37 km/h)[1],1,1,0,0,0
410,1985,7,ricard,"Dry, hot[2]",0,0,0,0,0
411,1985,8,silverstone,"Cool, overcast",0,0,0,0,1
412,1985,9,nurburgring,Dry,0,0,1,0,0
413,1985,10,red_bull_ring,Dry,0,0,1,0,0
414,1985,11,zandvoort,Sunny,1,0,0,0,0
415,1985,12,monza,Dry,0,0,1,0,0
416,1985,13,spa,"Wet/Dry, drying up in later stages",0,0,0,0,0
417,1985,14,brands_hatch,not found,0,0,0,0,0
418,1985,15,kyalami,Dry,0,0,1,0,0
419,1985,16,adelaide,Sunny,1,0,0,0,0
420,1986,1,jacarepagua,"Hot, dry and sunny",1,0,1,0,0
421,1986,2,jerez,"Warm, dry and sunny",1,0,1,0,0
422,1986,3,imola,"Overcast, warm",1,0,0,0,0
423,1986,4,monaco,"Sunny, mild, dry",0,0,1,0,0
424,1986,5,spa,Dry,0,0,1,0,0
425,1986,6,villeneuve,Dry with temperatures approaching 25 °C (77 °F); wind speeds up to 20.5 km/h (12.7 mph)[1],0,0,1,0,0
426,1986,7,detroit,Cloudy and hot with temperatures reaching up to 91 °F (33 °C); wind speeds up to 23 miles per hour (37 km/h)[1],1,0,0,0,1
427,1986,8,ricard,Dry,0,0,1,0,0
428,1986,9,brands_hatch,Sunny,1,0,0,0,0
429,1986,10,hockenheimring,Dry,0,0,1,0,0
430,1986,11,hungaroring,not found,0,0,0,0,0
431,1986,12,red_bull_ring,Dry,0,0,1,0,0
432,1986,13,monza,Dry,0,0,1,0,0
433,1986,14,estoril,Dry,0,0,1,0,0
434,1986,15,rodriguez,Sunny and hot,1,0,0,0,0
435,1986,16,adelaide,Sunny,1,0,0,0,0
436,1987,1,jacarepagua,Sunny,1,0,0,0,0
437,1987,2,imola,"Sunny, warm",1,0,0,0,0
438,1987,3,spa,Cloudy and cool,0,1,0,0,1
439,1987,4,monaco,Sunny and warm,1,0,0,0,0
440,1987,5,detroit,Clear with rain showers later on; temperatures reaching up to 78.1 °F (25.6 °C); wind speeds up to 19.6 miles per hour (31.5 km/h)[1],1,0,0,1,0
441,1987,6,ricard,Sunny and hot,1,0,0,0,0
442,1987,7,silverstone,Sunny and warm,1,0,0,0,0
443,1987,8,hockenheimring,not found,0,0,0,0,0
444,1987,9,hungaroring,Dry,0,0,1,0,0
445,1987,10,red_bull_ring,Dry,0,0,1,0,0
446,1987,11,monza,Dry,0,0,1,0,0
447,1987,12,estoril,Dry,0,0,1,0,0
448,1987,13,jerez,Sunny and hot,1,0,0,0,0
449,1987,14,rodriguez,Sunny and hot,1,0,0,0,0
450,1987,15,suzuka,Dry,0,0,1,0,0
451,1987,16,adelaide,Sunny,1,0,0,0,0
452,1988,1,jacarepagua,Cloudy and hot,1,0,0,0,1
453,1988,2,imola,"Sunny, warm",1,0,0,0,0
454,1988,3,monaco,Warm and dry,1,0,1,0,0
455,1988,4,rodriguez,Sunny and hot,1,0,0,0,0
456,1988,5,villeneuve,Sunny and hot with temperatures up to 29 °C (84 °F); wind speeds up to 19 kilometres per hour (12 mph)[1],1,0,0,0,0
457,1988,6,detroit,Warm and sunny with temperatures up to 91.9 °F (33.3 °C); wind speeds up to 11.1 miles per hour (17.9 km/h)[1],1,0,0,0,0
458,1988,7,ricard,Sunny and hot,1,0,0,0,0
459,1988,8,silverstone,Wet and cool,0,1,0,1,0
460,1988,9,hockenheimring,Wet and cool,0,1,0,1,0
461,1988,10,hungaroring,Sunny and hot,1,0,0,0,0
462,1988,11,spa,"Warm, dry and overcast",0,0,1,0,1
463,1988,12,monza,Sunny and hot,1,0,0,0,0
464,1988,13,estoril,Sunny and hot,1,0,0,0,0
465,1988,14,jerez,Sunny and hot,1,0,0,0,0
466,1988,15,suzuka,"Cool and mainly dry, some rain toward the end",0,1,0,1,0
467,1988,16,adelaide,Cloudy and hot,1,0,0,0,1
468,1989,1,jacarepagua,"Very hot, dry, sunny",1,0,0,0,0
469,1989,2,imola,"Warm, dry, sunny",1,0,0,0,0
470,1989,3,monaco,"Warm, dry, sunny",1,0,0,0,0
471,1989,4,rodriguez,"Hot, dry, partly sunny 25°C/79°F, 40% Humidity, wind NW-10mph",1,0,0,0,0
472,1989,5,phoenix,"Hot, sunny; temperature up to maximum of 38.3 °C (100.9 °F)[1]",0,0,0,0,0
473,1989,6,villeneuve,Cool and rainy with temperatures approaching 24 °C (75 °F); wind speeds up to 17.9 kilometres per hour (11.1 mph)[1],0,1,0,1,0
474,1989,7,ricard,"Hot, dry, sunny",1,0,0,0,0
475,1989,8,silverstone,"Warm, dry, sunny",1,0,0,0,0
476,1989,9,hockenheimring,"Warm, cloudy",0,0,0,0,1
477,1989,10,hungaroring,Cloudy,0,0,0,0,1
478,1989,11,spa,"Wet, cloudy, cool",0,1,0,0,0
479,1989,12,monza,"Hot, dry, sunny",1,0,0,0,0
480,1989,13,estoril,"Hot, dry, sunny",1,0,0,0,0
481,1989,14,jerez,"Dry, hot, sunny",1,0,0,0,0
482,1989,15,suzuka,"Dry, warm, cloudy",0,0,0,0,1
483,1989,16,adelaide,"Wet, cool",0,1,0,0,0
484,1990,1,phoenix,Cloudy and cool with temperatures reaching up to 18 °C (64 °F)[1],0,1,0,0,1
485,1990,2,interlagos,"Hot, dry, sunny",1,0,0,0,0
486,1990,3,imola,"Warm, dry, sunny",1,0,0,0,0
487,1990,4,monaco,"Warm, dry, sunny",1,0,0,0,0
488,1990,5,villeneuve,Warm and cloudy with temperatures approaching 19.8 °C (67.6 °F); wind speeds up to 27.8 kilometres per hour (17.3 mph)[1],1,0,0,0,1
489,1990,6,rodriguez,Overcast 21 °C (70 °F)[1],0,0,0,0,1
490,1990,7,ricard,"Hot, dry, sunny",1,0,0,0,0
491,1990,8,silverstone,"Hot, dry, sunny",1,0,0,0,0
492,1990,9,hockenheimring,"Hot, dry, sunny",1,0,0,0,0
493,1990,10,hungaroring,Dry,0,0,1,0,0
494,1990,11,spa,Dry,0,0,1,0,0
495,1990,12,monza,"Hot, dry, sunny",1,0,0,0,0
496,1990,13,estoril,not found,0,0,0,0,0
497,1990,14,jerez,"Dry, hot, sunny",1,0,0,0,0
498,1990,15,suzuka,Sunny,1,0,0,0,0
499,1990,16,adelaide,Sunny,1,0,0,0,0
500,1991,1,phoenix,Overcast 25 °C (77 °F)[1],0,0,0,0,1
501,1991,2,interlagos,"Cloudy at start, rainy later. Ambient temperature: 29.4°C (85°F). Humidity: 95%. Wind speed: 33.7 km/h (21 mph).",0,0,0,1,1
502,1991,3,imola,"Wet at start, dry by finish",0,0,1,1,0
503,1991,4,monaco,"Cloudy, mild, dry",0,0,1,0,0
504,1991,5,villeneuve,Mild with temperatures approaching 25 °C (77 °F); Wind speeds up to 12 km/h (7.5 mph)[1],1,0,0,0,0
505,1991,6,rodriguez,Mostly Cloudy 24 °C (75 °F)[1],0,0,0,0,1
506,1991,7,magny_cours,not found,0,0,0,0,0
507,1991,8,silverstone,"Hot, dry, sunny",1,0,0,0,0
508,1991,9,hockenheimring,Hot and sunny,1,0,0,0,0
509,1991,10,hungaroring,"Hot dry, sunny",1,0,0,0,0
510,1991,11,spa,not found,0,0,0,0,0
511,1991,12,monza,Sunny and warm,1,0,0,0,0
512,1991,13,estoril,Sunny and warm,1,0,0,0,0
513,1991,14,catalunya,"Warm and overcast, drying",1,0,0,0,0
514,1991,15,suzuka,"Sunny, warm",1,0,0,0,0
515,1991,16,adelaide,Torrential rain,0,0,0,1,0
516,1992,1,kyalami,"Hot, dry and dull",0,0,1,0,0
517,1992,2,rodriguez,Scattered Clouds 27 °C (81 °F)[1],0,0,0,0,1
518,1992,3,interlagos,Dry,0,0,1,0,0
519,1992,4,catalunya,"Dry at start, wet later",0,0,1,1,0
520,1992,5,imola,Sunny,1,0,0,0,0
521,1992,6,monaco,Dry,0,0,1,0,0
522,1992,7,villeneuve,Dry with temperatures reaching up to 25 °C (77 °F); Wind speeds up to 14 km/h (8.7 mph)[1],0,0,1,0,0
523,1992,8,magny_cours,"Dry, then raining",0,0,0,0,0
524,1992,9,silverstone,Dry,0,0,1,0,0
525,1992,10,hockenheimring,Dry,0,0,1,0,0
526,1992,11,hungaroring,Dry,0,0,1,0,0
527,1992,12,spa,"Overcast, brief rain mid-race",0,0,0,1,0
528,1992,13,monza,Sunny and warm,1,0,0,0,0
529,1992,14,estoril,"Dry, sunny, windy",0,0,0,0,0
530,1992,15,suzuka,"Dry, warm, cloudy",0,0,0,0,1
531,1992,16,adelaide,Cloudy,0,0,0,0,1
532,1993,1,kyalami,"Very hot and humid, with torrential thunderstorms. Air temp: 33 °C (91 °F)",1,0,0,0,0
533,1993,2,interlagos,Dry first then torrential rain for a short period; later drying and staying dry for the rest of the race,0,0,1,1,0
534,1993,3,donington,"Very cold, rain with dry spells",0,0,1,1,0
535,1993,4,imola,"Wet at start, dry later",0,0,1,1,0
536,1993,5,catalunya,Sunny,1,0,0,0,0
537,1993,6,monaco,"Partly cloudy, mild, dry",0,0,1,0,0
538,1993,7,villeneuve,Temperatures reaching up to 29.0 °C (84.2 °F); Wind speeds up to 18.3 km/h (11.4 mph)[1],0,0,0,0,0
539,1993,8,magny_cours,not found,0,0,0,0,0
540,1993,9,silverstone,Dry,0,0,1,0,0
541,1993,10,hockenheimring,Dry,0,0,1,0,0
542,1993,11,hungaroring,not found,0,0,0,0,0
543,1993,12,spa,Sunny and clear,1,0,0,0,0
544,1993,13,monza,Hot and sunny,1,0,0,0,0
545,1993,14,estoril,"Dry, sunny, windy",0,0,0,0,0
546,1993,15,suzuka,"Dry/wet, warm, cloudy",0,0,0,0,1
547,1993,16,adelaide,Sunny,1,0,0,0,0
548,1994,1,interlagos,Sunny,1,0,0,0,0
549,1994,2,okayama,Sunny,1,0,0,0,0
550,1994,3,imola,Sunny,1,0,0,0,0
551,1994,4,monaco,Sunny,1,0,0,0,0
552,1994,5,catalunya,Sunny,1,0,0,0,0
553,1994,6,villeneuve,Temperatures approaching 26.3 °C (79.3 °F); Wind speeds up to 21 km/h (13 mph)[1],0,0,0,0,0
554,1994,7,magny_cours,Sunny,1,0,0,0,0
555,1994,8,silverstone,Sunny,1,0,0,0,0
556,1994,9,hockenheimring,Sunny,1,0,0,0,0
557,1994,10,hungaroring,Sunny,1,0,0,0,0
558,1994,11,spa,Sunny,1,0,0,0,0
559,1994,12,monza,Sunny,1,0,0,0,0
560,1994,13,estoril,Sunny,1,0,0,0,0
561,1994,14,jerez,Sunny,1,0,0,0,0
562,1994,15,suzuka,"Heavy rain, followed by light showers",0,0,0,1,0
563,1994,16,adelaide,Sunny with clouds,1,0,0,0,1
564,1995,1,interlagos,Overcast,0,0,0,0,1
565,1995,2,galvez,Cloudy,0,0,0,0,1
566,1995,3,imola,"Heavy rain before the start, before brightening up",0,0,0,1,0
567,1995,4,catalunya,Sunny,1,0,0,0,0
568,1995,5,monaco,"Warm, sunny",1,0,0,0,0
569,1995,6,villeneuve,"Cloudy at start, sunny later with temperatures reaching up to 24.3 °C (75.7 °F) Wind speeds up to 8 km/h (5.0 mph)[1]",1,0,0,0,1
570,1995,7,magny_cours,"Cloudy, light drizzle at times",0,0,0,0,0
571,1995,8,silverstone,"Warm, cloudy, windy",0,0,0,0,0
572,1995,9,hockenheimring,"Sunny, 28 °C (82 °F)",0,0,0,0,0
573,1995,10,hungaroring,Sunny,1,0,0,0,0
574,1995,11,spa,"Cloudy, then heavy rain",0,0,0,1,0
575,1995,12,monza,Sunny,1,0,0,0,0
576,1995,13,estoril,Sunny,1,0,0,0,0
577,1995,14,nurburgring,"Rain, later dried out, air temperature 11 °C (52 °F)",0,0,0,0,0
578,1995,15,okayama,"Cloudy, dry",0,0,1,0,0
579,1995,16,suzuka,"Rain, later dried out",0,0,0,0,0
580,1995,17,adelaide,Sunny[2],0,0,0,0,0
581,1996,1,albert_park,Dry with temperatures reaching up to 23 °C (73 °F)[1],0,0,1,0,0
582,1996,2,interlagos,"Thunderstorm, then drying with temperatures reaching up to 24 °C (75 °F)[1]",0,0,0,0,0
583,1996,3,galvez,Dry with temperatures reaching up to 21 °C (70 °F)[1],0,0,1,0,0
584,1996,4,nurburgring,"Cloudy, but dry",0,0,1,0,0
585,1996,5,imola,Sunny,1,0,0,0,0
586,1996,6,monaco,"Overcast, mild, wet at first, drying later, light rain at finish",0,0,0,1,0
587,1996,7,catalunya,Rain,0,0,0,1,0
588,1996,8,villeneuve,Mostly sunny and warm with temperatures approaching 26 °C (79 °F)[1],1,0,0,0,0
589,1996,9,magny_cours,Dry,0,0,1,0,0
590,1996,10,silverstone,Warm and sunny with temperatures reaching up to 25 °C (77 °F)[1],1,0,0,0,0
591,1996,11,hockenheimring,"Sunny, dry",0,0,1,0,0
592,1996,12,hungaroring,Sunny with temperatures reaching up to 27 °C (81 °F)[2],1,0,0,0,0
593,1996,13,spa,Overcast and dry with temperatures reaching up to 17 °C (63 °F)[2],0,0,1,0,1
594,1996,14,monza,Dry,0,0,1,0,0
595,1996,15,estoril,Mostly sunny with ambient temperatures reaching 25 °C during the day.,1,0,0,0,0
596,1996,16,suzuka,"Sunny, mild and dry",1,0,1,0,0
597,1997,1,albert_park,"Partly Cloudy, Dry",0,0,1,0,0
598,1997,2,interlagos,Overcast and dry with temperatures reaching up to 23 °C (73 °F)[1],0,0,1,0,1
599,1997,3,galvez,"Partially cloudy and dry, with temperatures reaching up to 21 °C (70 °F)[1]",0,0,0,0,1
600,1997,4,imola,"Cloudy, Dry, 17 °C",0,0,0,0,0
601,1997,5,monaco,"Overcast, cold and rain, air temperature 11 °C (52 °F)",0,1,0,0,0
602,1997,6,catalunya,Clear,1,0,0,0,0
603,1997,7,villeneuve,Clear and mild with temperatures approaching 22.7 °C (72.9 °F) Wind speeds up to 4.1 km/h (2.5 mph)[1],1,0,0,0,0
604,1997,8,magny_cours,"Dry at first, rain in closing stages",0,0,1,1,0
605,1997,9,silverstone,"Sunny, Dry Track",0,0,1,0,0
606,1997,10,hockenheimring,"Sunny, dry track",0,0,1,0,0
607,1997,11,hungaroring,"Sunny, Dry Track, 27°C",0,0,1,0,0
608,1997,12,spa,"Wet, then drying out with temperatures reaching up to 28 °C (82 °F)[2]",0,0,0,0,0
609,1997,13,monza,Dry with temperatures reaching up to 29 °C (84 °F)[1],0,0,1,0,0
610,1997,14,red_bull_ring,Sunny,1,0,0,0,0
611,1997,15,nurburgring,"Partially cloudy, mild and dry",1,0,1,0,0
612,1997,16,suzuka,Sunny[3],0,0,0,0,0
613,1997,17,jerez,Sunny with temperatures reaching up to 25 °C (77 °F)[3],1,0,0,0,0
614,1998,1,albert_park,"Clear with maximum temperatures reaching 24 degrees at the start, increasing to 30 degrees by the end of the race.",1,0,0,0,0
615,1998,2,interlagos,"Mostly cloudy, 31 °C (88 °F)",0,0,0,0,0
616,1998,3,galvez,Cloudy with variable levels of dryness; temperatures reaching up to 19 °C (66 °F)[2],0,0,0,0,1
617,1998,4,imola,"Sunny, 25 °C",0,0,0,0,0
618,1998,5,catalunya,Sunny and warm,1,0,0,0,0
619,1998,6,monaco,Hot and sunny with temperatures reaching up to 22 °C (72 °F)[1],1,0,0,0,0
620,1998,7,villeneuve,Cool and overcast with air temperatures reaching up to 16.0 °C (60.8 °F) Wind speeds up to 2.9 km/h (1.8 mph) reported[1],0,1,0,0,1
621,1998,8,magny_cours,"Sunny, warm",1,0,0,0,0
622,1998,9,silverstone,"Rain, Wet Track",0,0,0,1,0
623,1998,10,red_bull_ring,Sunny,1,0,0,0,0
624,1998,11,hockenheimring,Cloudy but dry,0,0,1,0,1
625,1998,12,hungaroring,"Cloudy, hot, dry; 30 °C (86 °F)",0,0,0,0,0
626,1998,13,spa,Cold and wet with rain becoming heavier,0,1,0,1,0
627,1998,14,monza,Sunny,1,0,0,0,0
628,1998,15,nurburgring,"Cloudy, cold, dry",0,0,1,0,0
629,1998,16,suzuka,Fine,1,0,0,0,0
630,1999,1,albert_park,Sunny and dry with temperatures reaching up to 19 °C (66 °F)[1],1,0,1,0,0
631,1999,2,interlagos,"Sunny, hot, dry 25 °C (77 °F)[1]",0,0,1,0,0
632,1999,3,imola,"Sunny, mild, dry, 23 °C",0,0,0,0,0
633,1999,4,monaco,"Sunny, hot, dry",0,0,1,0,0
634,1999,5,catalunya,"Cloudy, hot, dry 22 °C (72 °F)[2]",0,0,1,0,0
635,1999,6,villeneuve,Hot with temperatures approaching 31.0 °C (87.8 °F) Wind speeds up to 5.1 km/h (3.2 mph)[1] Track 41–43 °C (106–109 °F),1,0,0,0,0
636,1999,7,magny_cours,"Overcast, mild, dry at first, rain later on",0,0,1,1,0
637,1999,8,silverstone,"Sunny, mild, dry",0,0,1,0,0
638,1999,9,red_bull_ring,"Overcast, mild, dry",0,0,1,0,0
639,1999,10,hockenheimring,"Partially cloudy, very hot, dry",0,0,1,0,0
640,1999,11,hungaroring,"Partially cloudy, hot, dry, Air: 25 °C (77 °F), Track 37 °C (99 °F)",0,0,0,0,0
641,1999,12,spa,"Partially cloudy, mild, dry",0,0,1,0,0
642,1999,13,monza,Hot and dry with temperatures reaching up to 30 °C (86 °F)[1],1,0,1,0,0
643,1999,14,nurburgring,Wet/Dry,0,0,0,0,0
644,1999,15,sepang,"Cloudy, hot, dry",0,0,1,0,0
645,1999,16,suzuka,"Overcast, mild, dry",0,0,1,0,0
646,2000,1,albert_park,"Sunny,[2] Air Temp: 20 °C",0,0,0,0,0
647,2000,2,interlagos,"Sunny, Air: 22 °C (72 °F), Track: 35 °C (95 °F)",0,0,0,0,0
648,2000,3,imola,"Overcast, mild, dry; 16 °C (61 °F)",0,0,0,0,0
649,2000,4,silverstone,"Sunny, mild, dry, Air Temp: 10 °C (50 °F)",0,0,0,0,0
650,2000,5,catalunya,"Sunny, Mild, Dry",0,0,1,0,0
651,2000,6,nurburgring,"Dry at first, rain later on, Air: 11 °C (52 °F), Track: 12 °C (54 °F)",0,0,1,1,0
652,2000,7,monaco,Sunny,1,0,0,0,0
653,2000,8,villeneuve,"Cloudy and raining; Air 17 °C (63 °F), Track 21 °C (70 °F)",0,0,0,0,1
654,2000,9,magny_cours,"Sunny, dry, Air Temp: 27°C",0,0,0,0,0
655,2000,10,red_bull_ring,"Partially cloudy, dry",0,0,1,0,0
656,2000,11,hockenheimring,Dry/Wet,0,0,0,0,0
657,2000,12,hungaroring,"Partially cloudy, very hot, dry",0,0,1,0,0
658,2000,13,spa,"Wet at start, drying, Air & track temperature; 15 °C (59 °F)",0,0,0,1,0
659,2000,14,monza,Sunny with temperatures reaching up to 29 °C (84 °F)[4],1,0,0,0,0
660,2000,15,indianapolis,"Cloudy, drying, Air 12 °C (54 °F); Track 14 °C (57 °F)",0,0,0,0,0
661,2000,16,suzuka,Dry/wet,0,0,0,0,0
662,2000,17,sepang,"Overcast, Very hot, Dry",0,0,1,0,0
663,2001,1,albert_park,"Cloudy, sunny later",1,0,0,0,0
664,2001,2,sepang,"Rain and Thunderstorms at start, dry later; Air Temp at start: 32 °C (90 °F)",0,0,1,1,0
665,2001,3,interlagos,"Dry first, rain and thunderstorms later; Air temp: 25–30 °C (77–86 °F)[1] Track 27–40 °C (81–104 °F)",0,0,1,1,0
666,2001,4,imola,"Sunny. Air Temp: 14 °C (57 °F), Track 26 °C (79 °F)",0,0,0,0,0
667,2001,5,catalunya,"Overcast, Mild, Dry, Air Temp: 18°C",0,0,0,0,0
668,2001,6,red_bull_ring,"Sunny, Air: 18 to 19 °C (64 to 66 °F), Track 18 to 32 °C (64 to 90 °F)",0,0,0,0,0
669,2001,7,monaco,"Warm and Sunny, Air Temp: 23 °C (73 °F), Track 36 to 39 °C (97 to 102 °F)",1,0,0,0,0
670,2001,8,villeneuve,Sunny,1,0,0,0,0
671,2001,9,nurburgring,"Sunny, mild, dry, Air Temp: 21°C",0,0,0,0,0
672,2001,10,magny_cours,Sunny,1,0,0,0,0
673,2001,11,silverstone,"Partially cloudy, mild, dry, Air Temp: 16 °C (61 °F), Track 27 °C (81 °F)",0,0,0,0,0
674,2001,12,hockenheimring,"Partially cloudy, very hot, dry",0,0,1,0,0
675,2001,13,hungaroring,"Hot, dry and partially cloudy",0,0,1,0,1
676,2001,14,spa,"Overcast, mild, dry, Air Temp: 12 to 16 °C (54 to 61 °F)",0,0,0,0,0
677,2001,15,monza,"Sunny, partly cloudy, Air: 19 to 20 °C (66 to 68 °F), Track 26 °C (79 °F)",0,0,0,0,0
678,2001,16,indianapolis,"Sunny, cool, Air: 19–21 °C (66–70 °F); Track 27 °C (81 °F)",0,0,0,0,0
679,2001,17,suzuka,"Cloudy, mild, dry, air temp: 24°C",0,0,0,0,0
680,2002,1,albert_park,"Cloudy at start, clearing to sunny skies.",1,0,0,0,1
681,2002,2,sepang,"Partially cloudy, hot, and dry",0,0,1,0,0
682,2002,3,interlagos,"Clear, Air Temp: 30°C",0,0,0,0,0
683,2002,4,imola,"Scattered thunderstorms, but remaining dry. Air Temp: 18°C",0,0,0,0,0
684,2002,5,catalunya,"Clear, Air Temp: 20°C",0,0,0,0,0
685,2002,6,red_bull_ring,"Clear, Air Temp: 20°C",0,0,0,0,0
686,2002,7,monaco,Fine; air temperature 22 °C (72 °F),0,0,0,0,0
687,2002,8,villeneuve,Mostly fine and humid with temperatures reaching a maximum of 24.1 °C (75.4 °F) Wind speeds up to 8 km/h (5.0 mph)[1],1,0,0,0,0
688,2002,9,nurburgring,"Mainly Fine, Air Temp: 18°C",0,0,0,0,0
689,2002,10,silverstone,"Dry/Wet, Air Temp: 21°C",0,0,0,0,0
690,2002,11,magny_cours,"Warm and sunny, Air Temp: 25°C",1,0,0,0,0
691,2002,12,hockenheimring,"Fine, Air Temp: 28°C",0,0,0,0,0
692,2002,13,hungaroring,"Partially cloudy, hot and sunny, Air Temp: 28 °C (82 °F)[4]",1,0,0,0,0
693,2002,14,spa,"Cloudy, Air: 17 °C (63 °F), Track 25 °C (77 °F)[1]",0,0,0,0,0
694,2002,15,monza,"Sunny, hot, dry 23°C",0,0,1,0,0
695,2002,16,indianapolis,Sunny with temperatures reaching up to 26.7 °C (80.1 °F); Wind speeds approaching a maximum of 18.70 km/h (11.62 mph)[2] Track 34 °C (93 °F),1,0,0,0,0
696,2002,17,suzuka,"Sunny, Air: 26 °C (79 °F), Track 30 °C (86 °F)",0,0,0,0,0
697,2003,1,albert_park,"Damp at beginning, dry later, cloudy, mild",1,0,1,1,0
698,2003,2,sepang,"Fine, air temperature 34°C (93°F)",0,0,0,0,0
699,2003,3,interlagos,Rainy: 20 °C (68 °F),0,0,0,0,0
700,2003,4,imola,Mostly cloudy with maximum ambient temperatures reaching 13 degrees during the day.,0,0,0,0,1
701,2003,5,catalunya,Clear,1,0,0,0,0
702,2003,6,red_bull_ring,Mostly cloudy with isolated showers in the area,0,0,0,1,1
703,2003,7,monaco,Fine,1,0,0,0,0
704,2003,8,villeneuve,Partly cloudy and mild with temperatures reaching a maximum of 19.3 °C (66.7 °F) Wind speeds up to 12.9 km/h (8.0 mph)[1] Track 32 °C (90 °F)[2],1,0,0,0,1
705,2003,9,nurburgring,Mostly cloudy with maximum ambient temperatures reaching 25 degrees celsius during the day.,0,0,0,0,1
706,2003,10,magny_cours,"Cloudy, Air: 26 °C (79 °F), Track 35 °C (95 °F)",0,0,0,0,0
707,2003,11,silverstone,"Sunny at start, cloudy later, Air: 24 °C (75 °F), Track 29 °C (84 °F)[1]",1,0,0,0,1
708,2003,12,hockenheimring,Fine,1,0,0,0,0
709,2003,13,hungaroring,"Warm, dry and sunny, 28 °C (82 °F)",0,0,1,0,0
710,2003,14,monza,Sunny,1,0,0,0,0
711,2003,15,indianapolis,Scattered showers with temperatures up to 20.6 °C (69.1 °F); Wind speeds up to 25.93 km/h (16.11 mph)[2],0,0,0,1,0
712,2003,16,suzuka,"Cloudy, Air: 22 °C (72 °F), Track 25 °C (77 °F)",0,0,0,0,0
713,2004,1,albert_park,Dry and cloudy Air temperature 20 °C (68 °F),0,0,1,0,1
714,2004,2,sepang,"Dry, light rain at the start Air Temp 34 °C (93 °F)",0,0,0,1,0
715,2004,3,bahrain,"Warm, dry and overcast",0,0,1,0,1
716,2004,4,imola,"Clear, air temp: 22°C",0,0,0,0,0
717,2004,5,catalunya,Clear,1,0,0,0,0
718,2004,6,monaco,Dry and sunny,1,0,1,0,0
719,2004,7,nurburgring,"Cloudy at start, sunny later",1,0,0,0,1
720,2004,8,villeneuve,Clear and mild with temperatures approaching 25.0 °C (77.0 °F) Wind speeds up to 5.8 km/h (3.6 mph)[1] Track 35 °C (95 °F)[2],1,0,0,0,0
721,2004,9,indianapolis,Fine with temperatures reaching up to 24 °C (75 °F); Wind speeds up to 20.55 km/h (12.77 mph)[2],1,0,0,0,0
722,2004,10,magny_cours,Sunny,1,0,0,0,0
723,2004,11,silverstone,"Cloudy, Air: 17 °C (63 °F), Track 27 °C (81 °F)[2]",0,0,0,0,0
724,2004,12,hockenheimring,Sunny,1,0,0,0,0
725,2004,13,hungaroring,"Warm, dry and sunny, Air: 26 °C (79 °F), Track 42 °C (108 °F)",0,0,1,0,0
726,2004,14,spa,Dry with temperatures reaching up to 15 °C (59 °F)[1],0,0,1,0,0
727,2004,15,monza,"Wet track at the start, dry later on",0,0,1,1,0
728,2004,16,shanghai,Sunny with temperatures reaching up to 27 °C (81 °F)[1],1,0,0,0,0
729,2004,17,suzuka,Sunny,1,0,0,0,0
730,2004,18,interlagos,Dry/Wet,0,0,0,0,0
731,2005,1,albert_park,"Cool, partly cloudy",0,0,0,0,1
732,2005,2,sepang,"Fine, Air: 34–36°C (93–97°F) and Track: 44–50°C (111–122°F)",0,0,0,0,0
733,2005,3,bahrain,"Sunny, 42 °C (108 °F)[1]",0,0,0,0,0
734,2005,4,imola,Warm and cloudy,1,0,0,0,1
735,2005,5,catalunya,"Sunny, warm",1,0,0,0,0
736,2005,6,monaco,Fine,1,0,0,0,0
737,2005,7,nurburgring,"Partly cloudy, hot and dry",1,0,1,0,0
738,2005,8,villeneuve,Cloudy and hot with temperatures approaching 32.5 °C (90.5 °F) Wind speeds up to 5.1 km/h (3.2 mph)[1] Track 43–47 °C (109–117 °F),1,0,0,0,1
739,2005,9,indianapolis,"Cloudy, temperatures up to 25.0 °C (77.0 °F); wind speeds up to 17.9 km/h (11.1 mph)[4]",0,0,0,0,0
740,2005,10,magny_cours,"Sunny, Air: 32 °C (90 °F), Track 53 °C (127 °F)",0,0,0,0,0
741,2005,11,silverstone,"Sunny, Air: 27 °C (81 °F), Track 47 °C (117 °F)",0,0,0,0,0
742,2005,12,hockenheimring,"Cloudy with drizzle, but staying dry during the race. Air temp: 24°C.",0,0,1,0,1
743,2005,13,hungaroring,"Sunny, Air: 34 °C (93 °F), Track 45 °C (113 °F)",0,0,0,0,0
744,2005,14,istanbul,Sunny; 30°C Air; 45°C Track,0,0,0,0,0
745,2005,15,monza,Sunny,1,0,0,0,0
746,2005,16,spa,Wet and dry,0,0,1,1,0
747,2005,17,interlagos,"Cloudy, dry, Air: 23 °C (73 °F), Track 22 °C (72 °F)",0,0,0,0,0
748,2005,18,suzuka,Partially cloudy and dry with temperatures reaching up to 25 °C (77 °F)[2],0,0,1,0,1
749,2005,19,shanghai,Sunny,1,0,0,0,0
750,2006,1,bahrain,"Fine, Dry and Hot Air Temp 23 °C (73 °F)[1] Track Temp 40 °C (104 °F)[1] dropping to 34 °C (93 °F)",1,0,1,0,0
751,2006,2,sepang,"Fine, Air Temp: 33°C, Wind Speed: 1.5 m/s, Humidity: 61%",0,0,0,0,0
752,2006,3,albert_park,Cloudy with sunny breaks. Air temperature 20°C,1,0,0,0,1
753,2006,4,imola,Sunny,1,0,0,0,0
754,2006,5,nurburgring,not found,0,0,0,0,0
755,2006,6,catalunya,Sunny,1,0,0,0,0
756,2006,7,monaco,Fine,1,0,0,0,0
757,2006,8,silverstone,Sunny,1,0,0,0,0
758,2006,9,villeneuve,Sunny and warm with temperatures reaching up to 28 °C (82 °F); wind speeds up to 4.1 kilometres per hour (2.5 mph)[1],1,0,0,0,0
759,2006,10,indianapolis,"Sunny, hot",1,0,0,0,0
760,2006,11,magny_cours,"Sunny, warm",1,0,0,0,0
761,2006,12,hockenheimring,"Sunny, warm",1,0,0,0,0
762,2006,13,hungaroring,Cool and rainy with temperatures reaching up to 20 °C (68 °F)[4],0,1,0,1,0
763,2006,14,istanbul,"Sunny, hot",1,0,0,0,0
764,2006,15,monza,Warm and sunny with temperatures reaching up to 27 °C (81 °F)[1],1,0,0,0,0
765,2006,16,shanghai,"Cloudy, wet track that progressively dried up. Rainy during the last few laps.",0,0,0,1,0
766,2006,17,suzuka,Fine,1,0,0,0,0
767,2006,18,interlagos,Temperatures reaching up to 23 °C (73 °F)[1],0,0,0,0,0
768,2007,1,albert_park,Clear with temperatures reaching up to 21 °C (70 °F)[1],1,0,0,0,0
769,2007,2,sepang,Sunny[1],0,0,0,0,0
770,2007,3,bahrain,"Sunny, dry, windy",0,0,0,0,0
771,2007,4,catalunya,Sunny and warm,1,0,0,0,0
772,2007,5,monaco,"Cloudy, air temp 24–27 °C (75–81 °F), track temp 33–42 °C (91–108 °F)",0,0,0,0,0
773,2007,6,villeneuve,Warm with temperatures approaching 26 °C (79 °F); wind speeds up to 5.8 kilometres per hour (3.6 mph)[1],1,0,0,0,0
774,2007,7,indianapolis,Warm (33C/91F) and clear,1,0,0,0,0
775,2007,8,magny_cours,Cloudy,0,0,0,0,1
776,2007,9,silverstone,Dry and sunny,1,0,1,0,0
777,2007,10,nurburgring,Heavy Rain on Lap 1. Drying track at restart. Light Rain before the finish.,0,0,0,1,0
778,2007,11,hungaroring,"Sunny, temperatures reaching up to 27 °C (81 °F)[4]",0,0,0,0,0
779,2007,12,istanbul,Sunny,1,0,0,0,0
780,2007,13,monza,Sunny,1,0,0,0,0
781,2007,14,spa,"Partly cloudy, mild and dry",1,0,1,0,0
782,2007,15,fuji,Very heavy rain,0,0,0,1,0
783,2007,16,shanghai,Intermittent light rain,0,0,0,1,0
784,2007,17,interlagos,"37 °C (Air), 63 °C (Track)",0,0,0,0,0
785,2008,1,albert_park,"Clear, dry, air temperature of 39 °C (102 °F).",0,0,0,0,0
786,2008,2,sepang,"Sunny, partly cloudy",0,0,0,0,1
787,2008,3,bahrain,Dry,0,0,1,0,0
788,2008,4,catalunya,Sunny,1,0,0,0,0
789,2008,5,istanbul,Sunny with temperatures reaching up to 17 °C (63 °F)[3],1,0,0,0,0
790,2008,6,monaco,"Wet, drying later.",0,0,0,0,0
791,2008,7,villeneuve,Hot with temperatures approaching 31 °C (88 °F); wind speeds up to 8.9 kilometres per hour (5.5 mph)[1],1,0,0,0,0
792,2008,8,magny_cours,Dry at first; light rain in the final stages,0,0,1,1,0
793,2008,9,silverstone,"Rain, later drying",0,0,0,0,0
794,2008,10,hockenheimring,"Cloudy, later sunny[1]",0,0,0,0,0
795,2008,11,hungaroring,"Sunny; Air 30–31 °C (86–88 °F), Track 40–43 °C (104–109 °F)",0,0,0,0,0
796,2008,12,valencia,Sunny,1,0,0,0,0
797,2008,13,spa,"Cloudy, rain in last 3 laps",0,0,0,1,0
798,2008,14,monza,"Heavy rain, dry towards the end",0,0,1,0,0
799,2008,15,marina_bay,"Dry, Air Temp: 28 °C (82 °F), Wind Speed: 2.2 metres per second (7.2 ft/s), Humidity: 79%",0,0,0,0,0
800,2008,16,fuji,Cloudy with temperatures reaching up to 17 °C (63 °F)[4],0,0,0,0,1
801,2008,17,shanghai,Dry,0,0,1,0,0
802,2008,18,interlagos,"Rain at beginning and end, otherwise drying",0,0,0,1,0
803,2009,1,albert_park,Sunny with temperatures reaching up to 27 °C (81 °F)[2],1,0,0,0,0
804,2009,2,sepang,"Dry start, with heavy rain and thunderstorm/monsoon later",0,0,1,1,0
805,2009,3,shanghai,Rain,0,0,0,1,0
806,2009,4,bahrain,Sunny,1,0,0,0,0
807,2009,5,catalunya,"Warm, Sunny",1,0,0,0,0
808,2009,6,monaco,Sunny,1,0,0,0,0
809,2009,7,istanbul,Sunny,1,0,0,0,0
810,2009,8,silverstone,"Dry, overcast",0,0,0,0,1
811,2009,9,nurburgring,Sunny and overcast,1,0,0,0,1
812,2009,10,hungaroring,Sunny 25 °C (77 °F)[3],1,0,0,0,0
813,2009,11,valencia,Hot and dry with temperatures reaching up to 33 °C (91 °F)[1],1,0,1,0,0
814,2009,12,spa,Clear but Mild,1,0,0,0,0
815,2009,13,monza,Mainly sunny,1,0,0,0,0
816,2009,14,marina_bay,Hot and Dry,1,0,1,0,0
817,2009,15,suzuka,"Sunny, Dry",0,0,1,0,0
818,2009,16,interlagos,Partially cloudy and dry,0,0,1,0,1
819,2009,17,yas_marina,Dry,0,0,1,0,0
820,2010,1,bahrain,Sunny,1,0,0,0,0
821,2010,2,albert_park,Overcast with light rain at start,0,0,0,1,1
822,2010,3,sepang,"Mainly cloudy, dry",0,0,1,0,0
823,2010,4,shanghai,"Cloudy, rain",0,0,0,1,0
824,2010,5,catalunya,"Mainly cloudy, dry",0,0,1,0,0
825,2010,6,monaco,"Mainly cloudy, dry",0,0,1,0,0
826,2010,7,istanbul,Air: 28 to 29 °C (82 to 84 °F) Track: 39 to 49 °C (102 to 120 °F),0,0,0,0,0
827,2010,8,villeneuve,Warm with temperatures approaching 26 °C (79 °F); wind speeds up to 4.9 kilometres per hour (3.0 mph)[1],1,0,0,0,0
828,2010,9,valencia,Dry[3],0,0,0,0,0
829,2010,10,silverstone,Mainly sunny,1,0,0,0,0
830,2010,11,hockenheimring,"Mainly cloudy, dry[4]",0,0,0,0,0
831,2010,12,hungaroring,Mainly sunny 28 °C (82 °F)[1],1,0,0,0,0
832,2010,13,spa,Intermittent rain,0,0,0,1,0
833,2010,14,monza,Sunny,1,0,0,0,0
834,2010,15,marina_bay,"Clear; Air temp 29 to 30 °C (84 to 86 °F), Track temp 31 °C (88 °F)[5][6]",0,0,0,0,0
835,2010,16,suzuka,Sunny,1,0,0,0,0
836,2010,17,yeongam,"Rain; Air 20 °C (68 °F), Track 18 °C (64 °F)",0,0,0,0,0
837,2010,18,interlagos,Clear; 25 °C (77 °F),0,0,0,0,0
838,2010,19,yas_marina,Dry[3] Air Temp 28 °C (82 °F)[3] Track Temp 33 °C (91 °F) dropping to 29 °C (84 °F)[3],0,0,0,0,0
839,2011,1,albert_park,"Sunny, 18°C",0,0,0,0,0
840,2011,2,sepang,"Cloudy, dry",0,0,1,0,0
841,2011,3,shanghai,Fine and Dry[1] Air Temp 22 °C (72 °F)[1] Track Temp 32 °C (90 °F) dropping to 26 °C (79 °F)[1],1,0,0,0,0
842,2011,4,istanbul,"Sunny, Fine and Dry[2] Air Temp 17 °C (63 °F)[2] Track Temp 35 °C (95 °F) dropping to 30 °C (86 °F)[2]",1,0,0,0,0
843,2011,5,catalunya,"Mainly sunny, Fine and Dry[3][4] Air Temp 27 °C (81 °F)[4] Track Temp 33 °C (91 °F) to 44 °C (111 °F)[4]",1,0,0,0,0
844,2011,6,monaco,"Sunny, Fine and Dry[2] Air Temp 24 °C (75 °F)[2] Track Temp 44 °C (111 °F)[2]",1,0,0,0,0
845,2011,7,villeneuve,"Wet at start, very heavy rain later, after rain stops, track drying towards the end. Temperatures up to 27 °C (81 °F); wind speeds up to 12 kilometres per hour (7.5 mph)[2]",0,0,0,1,0
846,2011,8,valencia,"Clear, Fine and Dry[1][2] Air Temp 27 °C (81 °F)[2] Track Temp 47 °C (117 °F)[2]",1,0,0,0,0
847,2011,9,silverstone,Wet track at start; subsequently drying[1] Air Temp 20 °C (68 °F)[1] Track Temp 22 °C (72 °F)[1],0,0,0,1,0
848,2011,10,nurburgring,"Cloudy, (light) rain at start",0,0,0,1,0
849,2011,11,hungaroring,"Cloudy, rain showers",0,0,0,1,0
850,2011,12,spa,"Cloudy, dry",0,0,1,0,0
851,2011,13,monza,Mainly sunny,1,0,0,0,0
852,2011,14,marina_bay,Hot and humid Air Temp 31 °C (88 °F)[1],1,0,0,0,0
853,2011,15,suzuka,Sunny and dry Air Temp 24 °C (75 °F)[3],1,0,1,0,0
854,2011,16,yeongam,"Dry, light rain at the start Air Temp 21 °C (70 °F)[2]",0,0,0,1,0
855,2011,17,buddh,Fine and Dry Air Temp 30 °C (86 °F)[1],1,0,1,0,0
856,2011,18,yas_marina,Fine and Dry Air Temp 25 °C (77 °F)[1],1,0,1,0,0
857,2011,19,interlagos,Fine Air Temp 24 °C (75 °F) Track Temp 43 °C (109 °F)[1],1,0,0,0,0
858,2012,1,albert_park,Fine[1] Air Temp 22 °C (72 °F)[1] Track Temp 30 °C (86 °F) dropping to 22 °C (72 °F)[1],0,0,0,0,0
859,2012,2,sepang,Heavy rain clearing to cloudy and dry[2] Air Temp 26 °C (79 °F)[2]  Track Temp 29 °C (84 °F) dropping to 24 °C (75 °F) [2],0,0,0,1,1
860,2012,3,shanghai,Overcast but Dry[1] Air Temp 22 °C (72 °F)[1] Track Temp 23 °C (73 °F)[1],0,0,0,0,1
861,2012,4,bahrain,Sunny and hot[1][2] Air Temp 27 °C (81 °F)[2] Track Temp 33 °C (91 °F) dropping to 29 °C (84 °F)[2],1,0,0,0,0
862,2012,5,catalunya,"Partially cloudy, dry: Air 23 °C (73 °F), Track 36 °C (97 °F)",0,0,0,0,0
863,2012,6,monaco,"Fine and Dry, showers threatening at end[2] Air Temp 21 °C (70 °F)[2] Track Temp 38 °C (100 °F) dropping to 31 °C (88 °F)[2]",1,0,0,1,0
864,2012,7,villeneuve,"Fine, dry and warm;[2] with air temperature approaching 29 °C (84 °F)[2] Track Temp 45 °C (113 °F) dropping to 39 °C (102 °F)[2]",0,0,1,0,0
865,2012,8,valencia,Fine and Dry[2] Air Temp 27 °C (81 °F)[2] Track Temp 45 °C (113 °F)[2],1,0,0,0,0
866,2012,9,silverstone,Dry Air Temp 20 °C (68 °F)[2] Track Temp 31 °C (88 °F)[2],0,0,1,0,0
867,2012,10,hockenheimring,Fine and Dry[2] Air Temp 22 °C (72 °F)[2] Track Temp 30 °C (86 °F)[2],1,0,0,0,0
868,2012,11,hungaroring,Fine and Dry. Very Hot[2][3] Air Temp 30 °C (86 °F)[3] Track Temp 45 °C (113 °F)[3],1,0,0,0,0
869,2012,12,spa,Fine and Dry[4] Air Temp 23 °C (73 °F)[4] Track Temp 33 °C (91 °F)[4],1,0,0,0,0
870,2012,13,monza,Dry and sizzlingly sunny[2] Air temp 28 °C (82 °F)[2] Track temp 40 °C (104 °F)[2],0,0,1,0,0
871,2012,14,marina_bay,Hot and humid[2] Air Temp 29 °C (84 °F)[2] Track Temp 31 °C (88 °F)[2],1,0,0,0,0
872,2012,15,suzuka,Fine and Dry[2] Air Temp 23 °C (73 °F)[2] Track Temp 32 °C (90 °F)[2],1,0,0,0,0
873,2012,16,yeongam,Fine and Dry[3] Air Temp 21 °C (70 °F)[3] Track Temp 27 °C (81 °F) dropping to 23 °C (73 °F)[3],1,0,0,0,0
874,2012,17,buddh,"Fine, Dry, a little hazy and a little dusty[2] Air Temp 30 °C (86 °F)[2] Track Temp 36 °C (97 °F) dropping to 31 °C (88 °F)[2]",0,0,0,0,0
875,2012,18,yas_marina,Dry[2] Air Temp 29 °C (84 °F)[2] Track Temp 34 °C (93 °F) dropping to 29 °C (84 °F)[2],0,0,0,0,0
876,2012,19,americas,Scattered clouds[2][3] Air temp 24 °C (75 °F)[3] Track temp 32 °C (90 °F)[3],0,0,0,0,0
877,2012,20,interlagos,"Race start: drops of rain, light rain shower getting heavier at the end.[2] Air Temp 19 °C (66 °F)[2] Track Temp 21 °C (70 °F)[2]",0,0,0,1,0
878,2013,1,albert_park,"Scattered Clouds, Fine and Dry[2] Air Temp 18 °C (64 °F)[2] Track Temp 25 °C (77 °F) dropping to 19 °C (66 °F)[2]",1,0,0,0,0
879,2013,2,sepang,Light rain clearing to cloudy and dry,0,0,1,1,1
880,2013,3,shanghai,not found,0,0,0,0,0
881,2013,4,bahrain,not found,0,0,0,0,0
882,2013,5,catalunya,Sunny,1,0,0,0,0
883,2013,6,monaco,Warm and sunny,1,0,0,0,0
884,2013,7,villeneuve,Mild with temperatures approaching 23 °C (73 °F); wind speeds up to 15 kilometres per hour (9.3 mph)[2],1,0,0,0,0
885,2013,8,silverstone,Dry,0,0,1,0,0
886,2013,9,nurburgring,Sunny,1,0,0,0,0
887,2013,10,hungaroring,"Very hot and sunny, 35°C.",1,0,0,0,0
888,2013,11,spa,not found,0,0,0,0,0
889,2013,12,monza,Cloudy,0,0,0,0,1
890,2013,13,marina_bay,Dry and 29 degrees,0,0,1,0,0
891,2013,14,yeongam,Cloudy with maximum temperatures reaching 29 degrees during the day,0,0,0,0,1
892,2013,15,suzuka,Warm and sunny,1,0,0,0,0
893,2013,16,buddh,"Sunny, haze",0,0,0,0,0
894,2013,17,yas_marina,Clear,1,0,0,0,0
895,2013,18,americas,"Partly cloudy, warm Temperatures reaching up to 89.1 °F (31.7 °C); wind speeds approaching speeds of 11.1 miles per hour (17.9 km/h)[2]",1,0,0,0,0
896,2013,19,interlagos,"Cloudy, Air Temp: 18°C",0,0,0,0,0
897,2014,1,albert_park,"Overcast, 19 °C(66 °F)",0,0,0,0,0
898,2014,2,sepang,"Dry, 32°C",0,0,0,0,0
899,2014,3,bahrain,Dry,0,0,1,0,0
900,2014,4,shanghai,"Mostly cloudy, dry",0,0,1,0,0
901,2014,5,catalunya,Sunny,1,0,0,0,0
902,2014,6,monaco,"Overcast, Air: 20 to 21 °C (68 to 70 °F), Track: 28 to 30 °C (82 to 86 °F).",0,0,0,0,0
903,2014,7,villeneuve,Temperatures up to 27.6 °C (81.7 °F); wind speeds up to 16.4 kilometres per hour (10.2 mph)[5],0,0,0,0,0
904,2014,8,red_bull_ring,"Partially cloudy, hot and dry",1,0,1,0,0
905,2014,9,silverstone,Mostly cloudy with maximum temperatures reaching 21 degrees during the day.,0,0,0,0,1
906,2014,10,hockenheimring,Cloudy with maximum temperatures reaching 26 degrees during the day.,0,0,0,0,1
907,2014,11,hungaroring,"Overcast. Wet track at start, then drying. Scattered thunderstorms during the day, temperatures reaching a maximum of 26 degrees.[1]",0,0,0,1,0
908,2014,12,spa,Mostly cloudy,0,0,0,0,1
909,2014,13,monza,"Sunny; Air: 25 °C (77 °F), Track: 37 to 42 °C (99 to 108 °F)",0,0,0,0,0
910,2014,14,marina_bay,Clear. Air: 28 to 30 °C (82 to 86 °F) Track: 33 to 37 °C (91 to 99 °F).,0,0,0,0,0
911,2014,15,suzuka,Rain. Air: 20 °C (68 °F) Track: 24 °C (75 °F),0,0,0,0,0
912,2014,16,sochi,"Fine and dry; 21 °C (70 °F) ambient temperature, 33 °C (91 °F) track temperature[4]",1,0,0,0,0
913,2014,17,americas,Sunny,1,0,0,0,0
914,2014,18,interlagos,"Sunny, Air: 23 to 24 °C (73 to 75 °F), Track: 46 to 50 °C (115 to 122 °F)",0,0,0,0,0
915,2014,19,yas_marina,"Clear skies; Air temp: 30 °C (86 °F) during the day, dropping to 24 °C (75.2 °F). Wind speed: 8 km/h (4.9 mph).[2] (Night race)",1,0,0,0,0
916,2015,1,albert_park,Partly cloudy 17–18 °C (63–64 °F) air temperature 32–37 °C (90–99 °F) track temperature 6 m/s (20 ft/s) wind from the south[3],0,0,0,0,1
917,2015,2,sepang,Sunny 32–33 °C (90–91 °F) air temperature 53–58 °C (127–136 °F) track temperature 2 m/s (6.6 ft/s) wind from the south[3],1,0,0,0,0
918,2015,3,shanghai,Sunny 21 °C (70 °F) air temperature 46 °C (115 °F) track temperature 1.4 m/s (4.6 ft/s) wind from the northwest[1],1,0,0,0,0
919,2015,4,bahrain,"Sunny, clear 24–26 °C (75–79 °F) air temperature 28–31 °C (82–88 °F) track temperature 1.5 m/s (4.9 ft/s) wind from the north[1]",1,0,0,0,0
920,2015,5,catalunya,Sunny 25 °C (77 °F) air temperature 44 °C (111 °F) track temperature 1.8 m/s (5.9 ft/s) wind from the northeast[3],1,0,0,0,0
921,2015,6,monaco,Partly cloudy 18–19 °C (64–66 °F) air temperature 31–37 °C (88–99 °F) track temperature 1.5 m/s (4.9 ft/s) wind from the west[2],0,0,0,0,1
922,2015,7,villeneuve,Sunny 20–21 °C (68–70 °F) air temperature 39 °C (102 °F) track temperature 4 m/s (13 ft/s) wind from the north[2],1,0,0,0,0
923,2015,8,red_bull_ring,Cloudy 14–15 °C (57–59 °F) air temperature 27–32 °C (81–90 °F) track temperature 2 m/s (6.6 ft/s) wind from the west[2],0,0,0,0,1
924,2015,9,silverstone,"Cloudy, rain at times 17–20 °C (63–68 °F) air temperature 24–32 °C (75–90 °F) track temperature 2.5 m/s (8.2 ft/s) wind from the east[2]",0,0,0,1,0
925,2015,10,hungaroring,Sunny 22–24 °C (72–75 °F) air temperature 41–48 °C (106–118 °F) track temperature 3.2 m/s (10 ft/s) wind from the east[2],1,0,0,0,0
926,2015,11,spa,Cloudy 23 °C (73 °F) air temperature 33–37 °C (91–99 °F) track temperature 3.5 m/s (11 ft/s) wind from the northwest[2],0,0,0,0,1
927,2015,12,monza,Partly cloudy 22–23 °C (72–73 °F) air temperature 38–39 °C (100–102 °F) track temperature 1.5 m/s (4.9 ft/s) wind from changing directions[2],0,0,0,0,1
928,2015,13,marina_bay,Dry 28–29 °C (82–84 °F) air temperature 34–36 °C (93–97 °F) track temperature 0.5 m/s (1.6 ft/s) wind from the west[2],0,0,1,0,0
929,2015,14,suzuka,Partly cloudy 27 °C (81 °F) air temperature 52–54 °C (126–129 °F) track temperature 4.5 m/s (15 ft/s) wind from the east[2],0,0,0,0,1
930,2015,15,sochi,Partly cloudy 18 °C (64 °F) air temperature 25–27 °C (77–81 °F) track temperature 1.5 m/s (4.9 ft/s) wind from the north[2],0,0,0,0,1
931,2015,16,americas,Very cloudy 17 °C (63 °F) air temperature 17–20 °C (63–68 °F) track temperature 8 m/s (26 ft/s) wind from the south[2],0,0,0,0,1
932,2015,17,rodriguez,Partly cloudy 22–24 °C (72–75 °F) air temperature 48–56 °C (118–133 °F) track temperature 1.5 m/s (4.9 ft/s) wind from the northwest[2],0,0,0,0,1
933,2015,18,interlagos,Dry 22–28 °C (72–82 °F) air temperature 38–48 °C (100–118 °F) track temperature 2.5 m/s (8.2 ft/s) wind from the north[2],0,0,1,0,0
934,2015,19,yas_marina,Clear 25–27 °C (77–81 °F) air temperature 28–29 °C (82–84 °F) track temperature 1.5 m/s (4.9 ft/s) wind from the south[3],1,0,0,0,0
935,2016,1,albert_park,Partly cloudy 22–23 °C (72–73 °F) air temperature 26–36 °C (79–97 °F) track temperature 4 m/s (8.9 mph; 14 km/h) wind from the south[4],0,0,0,0,1
936,2016,2,bahrain,Dry 21–22 °C (70–72 °F) air temperature 26–29 °C (79–84 °F) track temperature 2 m/s (6.6 ft/s) wind from the southwest[4],0,0,1,0,0
937,2016,3,shanghai,Sunny 21 °C (70 °F) air temperature 37 °C (99 °F) track temperature 4.8 m/s (16 ft/s) wind from the northeast[4],1,0,0,0,0
938,2016,4,sochi,Partly cloudy 16 °C (61 °F) air temperature 37–41 °C (99–106 °F) track temperature 2.5 m/s (8.2 ft/s) wind from the southwest[4],0,0,0,0,1
939,2016,5,catalunya,Partly cloudy 20–22 °C (68–72 °F) air temperature 39–41 °C (102–106 °F) track temperature 2 m/s (6.6 ft/s) wind from the north[4],0,0,0,0,1
940,2016,6,monaco,"Rainy at start, dry later 17–18 °C (63–64 °F) air temperature 20–22 °C (68–72 °F) track temperature 2 m/s (6.6 ft/s) wind from the north[4]",0,0,1,1,0
941,2016,7,villeneuve,Cloudy 12 °C (54 °F) air temperature 21–23 °C (70–73 °F) track temperature 2.5 m/s (8.2 ft/s) wind from the southeast[4],0,0,0,0,1
942,2016,8,baku,Partly cloudy 30–33 °C (86–91 °F) air temperature 39–45 °C (102–113 °F) track temperature 2.5 m/s (8.2 ft/s) wind from the southeast[4],0,0,0,0,1
943,2016,9,red_bull_ring,Cloudy,0,0,0,0,1
944,2016,10,silverstone,"Wet at start, dry later",0,0,1,1,0
945,2016,11,hungaroring,Sunny,1,0,0,0,0
946,2016,12,hockenheimring,Partially cloudy and dry,0,0,1,0,1
947,2016,13,spa,Partially cloudy and dry,0,0,1,0,1
948,2016,14,monza,"Sunny, warm",1,0,0,0,0
949,2016,15,marina_bay,Clear 30 °C (86 °F) air temperature 34–35 °C (93–95 °F) track temperature 1.5 m/s (4.9 ft/s) wind from the east[2],1,0,0,0,0
950,2016,16,sepang,Sunny 33 °C (91 °F) air temperature 49 °C (120 °F) track temperature 2.8 m/s (9.2 ft/s) wind from the west[2],1,0,0,0,0
951,2016,17,suzuka,Cloudy,0,0,0,0,1
952,2016,18,americas,Sunny and hot with temperatures reaching up to 84 °F (29 °C); wind speeds approaching speeds of 9.2 miles per hour (14.8 km/h)[2],1,0,0,0,0
953,2016,19,rodriguez,Sunny,1,0,0,0,0
954,2016,20,interlagos,Rain and 16 °C (60.8 °F),0,0,0,1,0
955,2016,21,yas_marina,Sunny,1,0,0,0,0
956,2017,1,albert_park,Partly cloudy 24 °C (75 °F) air temperature 31–36 °C (88–97 °F) track temperature 2 m/s (4.5 mph; 7.2 km/h) wind from the northwest[3],0,0,0,0,1
957,2017,2,shanghai,"Light rain at start, drying later.",0,0,0,1,0
958,2017,3,bahrain,not found,0,0,0,0,0
959,2017,4,sochi,not found,0,0,0,0,0
960,2017,5,catalunya,not found,0,0,0,0,0
961,2017,6,monaco,not found,0,0,0,0,0
962,2017,7,villeneuve,Sunny and hot with temperatures reaching up to 29 °C (84 °F); wind speeds reaching 12.9 kilometres per hour (8.0 mph)[4],1,0,0,0,0
963,2017,8,baku,Sunny,1,0,0,0,0
964,2017,9,red_bull_ring,Partly cloudy,0,0,0,0,1
965,2017,10,silverstone,Overcast,0,0,0,0,1
966,2017,11,hungaroring,Sunny,1,0,0,0,0
967,2017,12,spa,Partially cloudy and dry,0,0,1,0,1
968,2017,13,monza,Sunny,1,0,0,0,0
969,2017,14,marina_bay,"Wet at start, then drying. Air temperature: 28°C (82°F)",0,0,0,1,0
970,2017,15,sepang,Cloudy,0,0,0,0,1
971,2017,16,suzuka,Sunny,1,0,0,0,0
972,2017,17,americas,Sunny with temperatures reaching up to 82.9 °F (28.3 °C); wind speeds approaching speeds of 13.8 miles per hour (22.2 km/h)[4],1,0,0,0,0
973,2017,18,rodriguez,"Sunny, dry",0,0,1,0,0
974,2017,19,interlagos,not found,0,0,0,0,0
975,2017,20,yas_marina,Clear,1,0,0,0,0
976,2018,1,albert_park,Sunny,1,0,0,0,0
977,2018,2,bahrain,not found,0,0,0,0,0
978,2018,3,shanghai,not found,0,0,0,0,0
979,2018,4,baku,Cloudy,0,0,0,0,1
980,2018,5,catalunya,"Partially cloudy and dry, 16°C and cold.",0,0,0,0,1
981,2018,6,monaco,not found,0,0,0,0,0
982,2018,7,villeneuve,Temperatures reaching up to 22.7 °C (72.9 °F); with wind speeds reaching 11.1 kilometres per hour (6.9 mph)[2],0,0,0,0,0
983,2018,8,ricard,"Partially cloudy, warm and dry",1,0,1,0,0
984,2018,9,red_bull_ring,Sunny,1,0,0,0,0
985,2018,10,silverstone,Sunny 27.0 °C (80.6 °F)[2],1,0,0,0,0
986,2018,11,hockenheimring,Overcast with intermittent rain,0,0,0,1,1
987,2018,12,hungaroring,not found,0,0,0,0,0
988,2018,13,spa,not found,0,0,0,0,0
989,2018,14,monza,not found,0,0,0,0,0
990,2018,15,marina_bay,not found,0,0,0,0,0
991,2018,16,sochi,not found,0,0,0,0,0
992,2018,17,suzuka,not found,0,0,0,0,0
993,2018,18,americas,Partly cloudy,0,0,0,0,1
994,2018,19,rodriguez,not found,0,0,0,0,0
995,2018,20,interlagos,not found,0,0,0,0,0
996,2018,21,yas_marina,not found,0,0,0,0,0
997,2019,1,albert_park,not found,0,0,0,0,0
998,2019,2,bahrain,Clear,1,0,0,0,0
999,2019,3,shanghai,not found,0,0,0,0,0
1000,2019,4,baku,not found,0,0,0,0,0
1001,2019,5,catalunya,not found,0,0,0,0,0
1002,2019,6,monaco,Overcast,0,0,0,0,1
1003,2019,7,villeneuve,Temperatures reaching up to 29.6 °C (85.3 °F); wind speeds negligible[2],0,0,0,0,0
1004,2019,8,ricard,Clear,1,0,0,0,0
1005,2019,9,red_bull_ring,"Sunny, 36C (97F)",0,0,0,0,0
1006,2019,10,silverstone,Partly cloudy,0,0,0,0,1
1007,2019,11,hockenheimring,"Early rain, Late clouds",0,0,0,0,1
1008,2019,12,hungaroring,Sunny,1,0,0,0,0
1009,2019,13,spa,Partly cloudy,0,0,0,0,1
1010,2019,14,monza,Partly cloudy,0,0,0,0,1
1011,2019,15,marina_bay,Slightly hazy,0,0,0,0,0
1012,2019,16,sochi,Partly cloudy,0,0,0,0,1
1013,2019,17,suzuka,Sunny,1,0,0,0,0
1014,2019,18,rodriguez,Partly cloudy,0,0,0,0,1
1015,2019,19,americas,Sunny,1,0,0,0,0
1016,2019,20,interlagos,Sunny,1,0,0,0,0
1017,2019,21,yas_marina,Clear,1,0,0,0,0
1018,2020,1,red_bull_ring,Sunny,1,0,0,0,0
1019,2020,2,red_bull_ring,Sunny,1,0,0,0,0
1020,2020,3,hungaroring,"Wet at start, partly cloudy",0,0,0,1,1
1021,2020,4,silverstone,Partly cloudy,0,0,0,0,1
1022,2020,5,silverstone,Sunny,1,0,0,0,0
1023,2020,6,catalunya,Partly cloudy,0,0,0,0,1
1024,2020,7,spa,Partly cloudy,0,0,0,0,1
1025,2020,8,monza,Sunny,1,0,0,0,0
1026,2020,9,mugello,Sunny,1,0,0,0,0
1027,2020,10,sochi,Sunny,1,0,0,0,0
1028,2020,11,nurburgring,"Partly cloudy, 10 °C (50 °F)",0,0,0,0,0
1029,2020,12,portimao,Cloudy,0,0,0,0,1
1030,2020,13,imola,Partly cloudy,0,0,0,0,1
1031,2020,14,istanbul,Overcast. Wet and drying track. Air: 11–14 °C (52–57 °F); Track: 14–17 °C (57–63 °F),0,0,0,1,0
1032,2020,15,bahrain,Clear,1,0,0,0,0
1033,2020,16,bahrain,Clear,1,0,0,0,0
1034,2020,17,yas_marina,Clear,1,0,0,0,0
1035,2021,1,bahrain,"Clear, 21 °C (70 °F)",0,0,0,0,0
1036,2021,2,imola,"Wet at start, drying during race, 9 °C (48 °F)",0,0,0,1,0
1037,2021,3,portimao,Light cloud,0,0,0,0,0
1038,2021,4,catalunya,Cloudy,0,0,0,0,1
1039,2021,5,monaco,Sunny,1,0,0,0,0
1040,2021,6,baku,Sunny,1,0,0,0,0
1041,2021,7,ricard,Windy and partly cloudy. Ambient temperature: 24 to 27 °C (75 to 81 °F); Surface temperature: 33 to 38 °C (91 to 100 °F),0,0,0,0,0
1042,2021,8,red_bull_ring,Partly cloudy. Ambient temperature: 25 to 29 °C (77 to 84 °F); Surface temperature: 48 to 56 °C (118 to 133 °F),0,0,0,0,0
1043,2021,9,red_bull_ring,Partly cloudy,0,0,0,0,1
1044,2021,10,silverstone,Clear. Ambient: 29 to 31 °C (84 to 88 °F); Surface: 48 to 52 °C (118 to 126 °F),0,0,0,0,0
1045,2021,11,hungaroring,Rain and sunny. Ambient: 26 to 29 °C (79 to 84 °F); Surface: 31 to 52 °C (88 to 126 °F).[3],0,0,0,1,0
1046,2021,12,spa,Wet; persistent rain,0,0,0,1,0
1047,2021,13,zandvoort,Sunny,1,0,0,0,0
1048,2021,14,monza,Sunny,1,0,0,0,0
1049,2021,15,sochi,Cloudy and rainy,0,0,0,1,1
1050,2021,16,istanbul,Overcast with intermittent rain,0,0,0,1,1
1051,2021,17,americas,Sunny,1,0,0,0,0
1052,2021,18,rodriguez,Sunny,1,0,0,0,0
1053,2021,19,interlagos,Sunny,1,0,0,0,0
1054,2021,20,losail,Clear,1,0,0,0,0
1055,2021,21,jeddah,Clear,1,0,0,0,0
1056,2021,22,yas_marina,Clear,1,0,0,0,0
1057,2022,1,bahrain,Clear,1,0,0,0,0
1058,2022,2,jeddah,Clear,1,0,0,0,0
1059,2022,3,albert_park,Partly cloudy,0,0,0,0,1
1060,2022,4,imola,Cloudy in a wet and drying track[2],0,0,0,1,1
1061,2022,5,miami,"Warm, partly cloudy",0,0,0,0,1
1062,2022,6,catalunya,Sunny,1,0,0,0,0
1063,2022,7,monaco,Rain and partly cloudy in wet-and-drying track conditions,0,0,0,1,1
1064,2022,8,baku,Sunny,1,0,0,0,0
1065,2022,9,villeneuve,Sunny,1,0,0,0,0
1066,2022,10,silverstone,Partly cloudy,0,0,0,0,1
1067,2022,11,red_bull_ring,Partly cloudy,0,0,0,0,1
1068,2022,12,ricard,Sunny,1,0,0,0,0
1069,2022,13,hungaroring,"Overcast with drizzle throughout, light rain at the end",0,0,0,1,1
1070,2022,14,spa,Sunny,1,0,0,0,0
1071,2022,15,zandvoort,Partly cloudy,0,0,0,0,1
1072,2022,16,monza,Sunny,1,0,0,0,0
1073,2022,17,marina_bay,Partly cloudy in a wet and drying track,0,0,0,1,1
1074,2022,18,suzuka,Rain,0,0,0,1,0
1075,2022,19,americas,Partly cloudy,0,0,0,0,1
1076,2022,20,rodriguez,Partly cloudy,0,0,0,0,1
1077,2022,21,interlagos,Cloudy,0,0,0,0,1
1078,2022,22,yas_marina,Clear,1,0,0,0,0
